year	ballot	pref_votes	otherside	male	agecat	ISCO	ISCED5	ISCED6	ISCED7	ISCED8	ISCEDB	maxBallot	party_votes
2006	2006_1_1	10	FALSE	TRUE	(50,60]	3	FALSE	FALSE	FALSE	FALSE	FALSE	36	2039
2006	2006_1_1	2	TRUE	TRUE	(50,60]	3	FALSE	FALSE	FALSE	FALSE	FALSE	36	2039
2006	2006_1_2	14	FALSE	FALSE	(60,70]	2	FALSE	FALSE	FALSE	FALSE	FALSE	28	2998
2006	2006_1_2	8	TRUE	FALSE	(50,60]	8	FALSE	FALSE	FALSE	FALSE	FALSE	28	2998
2006	2006_1_6	5	FALSE	TRUE	(60,70]	7	FALSE	FALSE	FALSE	FALSE	FALSE	26	1771
2006	2006_1_6	11	TRUE	FALSE	(30,40]	5	FALSE	FALSE	FALSE	FALSE	FALSE	26	1771
2006	2006_1_11	11	FALSE	FALSE	(40,50]	other	FALSE	FALSE	FALSE	FALSE	FALSE	20	1698
2006	2006_1_11	5	TRUE	FALSE	(50,60]	other	FALSE	FALSE	FALSE	FALSE	FALSE	20	1698
2006	2006_1_12	11	FALSE	TRUE	(30,40]	other	FALSE	FALSE	FALSE	FALSE	FALSE	23	1627
2006	2006_1_12	3	TRUE	TRUE	(0,30]	8	FALSE	FALSE	FALSE	FALSE	FALSE	23	1627
2006	2006_1_13	19	FALSE	FALSE	(30,40]	3	FALSE	FALSE	FALSE	FALSE	FALSE	22	1405
2006	2006_1_13	1	TRUE	TRUE	(0,30]	7	FALSE	FALSE	FALSE	FALSE	FALSE	22	1405
2006	2006_1_14	43	FALSE	TRUE	(50,60]	8	FALSE	FALSE	FALSE	FALSE	FALSE	36	3414
2006	2006_1_14	8	TRUE	FALSE	(40,50]	8	FALSE	FALSE	FALSE	FALSE	FALSE	36	3414
2006	2006_2_6	2	FALSE	FALSE	(50,60]	other	FALSE	FALSE	FALSE	FALSE	FALSE	22	216
2006	2006_2_6	0	TRUE	TRUE	(60,70]	other	FALSE	FALSE	FALSE	FALSE	FALSE	22	216
2006	2006_4_11	3	FALSE	TRUE	(30,40]	2	FALSE	FALSE	TRUE	FALSE	FALSE	20	253
2006	2006_4_11	4	TRUE	TRUE	(0,30]	2	FALSE	FALSE	FALSE	FALSE	FALSE	20	253
2006	2006_5_1	7	FALSE	FALSE	(50,60]	other	FALSE	FALSE	FALSE	FALSE	FALSE	21	937
2006	2006_5_1	0	TRUE	FALSE	(60,70]	other	FALSE	FALSE	FALSE	FALSE	FALSE	21	937
2006	2006_5_2	11	FALSE	TRUE	(0,30]	7	TRUE	FALSE	FALSE	FALSE	FALSE	28	1992
2006	2006_5_2	3	TRUE	TRUE	(0,30]	7	FALSE	FALSE	FALSE	FALSE	FALSE	28	1992
2006	2006_5_6	8	FALSE	TRUE	(30,40]	3	FALSE	FALSE	FALSE	FALSE	FALSE	26	1387
2006	2006_5_6	1	TRUE	TRUE	(50,60]	other	FALSE	FALSE	FALSE	FALSE	FALSE	26	1387
2006	2006_5_12	12	FALSE	FALSE	(40,50]	5	FALSE	FALSE	FALSE	FALSE	FALSE	23	1073
2006	2006_5_12	7	TRUE	FALSE	(0,30]	3	FALSE	FALSE	FALSE	FALSE	FALSE	23	1073
2006	2006_5_13	13	FALSE	FALSE	(30,40]	6	FALSE	FALSE	FALSE	FALSE	FALSE	22	617
2006	2006_5_13	5	TRUE	TRUE	(50,60]	6	FALSE	FALSE	FALSE	FALSE	FALSE	22	617
2006	2006_5_14	14	FALSE	FALSE	(30,40]	2	FALSE	FALSE	FALSE	FALSE	FALSE	27	1044
2006	2006_5_14	0	TRUE	FALSE	(40,50]	4	FALSE	FALSE	FALSE	FALSE	FALSE	27	1044
2006	2006_6_1	4	FALSE	FALSE	(50,60]	3	FALSE	FALSE	FALSE	FALSE	FALSE	36	1763
2006	2006_6_1	1	TRUE	TRUE	(60,70]	3	FALSE	FALSE	TRUE	FALSE	FALSE	36	1763
2006	2006_6_2	2	FALSE	TRUE	(30,40]	3	FALSE	FALSE	FALSE	FALSE	FALSE	34	3990
2006	2006_6_2	3	TRUE	FALSE	(50,60]	3	FALSE	FALSE	FALSE	FALSE	FALSE	34	3990
2006	2006_6_6	34	FALSE	TRUE	(0,30]	3	FALSE	FALSE	FALSE	FALSE	FALSE	26	2887
2006	2006_6_6	4	TRUE	TRUE	(40,50]	other	FALSE	FALSE	TRUE	FALSE	FALSE	26	2887
2006	2006_6_11	3	FALSE	FALSE	(60,70]	other	FALSE	FALSE	FALSE	FALSE	FALSE	29	2850
2006	2006_6_11	15	TRUE	FALSE	(30,40]	other	FALSE	FALSE	FALSE	FALSE	FALSE	29	2850
2006	2006_6_12	23	FALSE	TRUE	(40,50]	3	FALSE	FALSE	FALSE	FALSE	FALSE	23	3295
2006	2006_6_12	0	TRUE	TRUE	(50,60]	3	FALSE	FALSE	FALSE	FALSE	FALSE	23	3295
2006	2006_6_13	9	FALSE	TRUE	(30,40]	5	FALSE	FALSE	TRUE	FALSE	FALSE	22	1966
2006	2006_6_13	5	TRUE	FALSE	(30,40]	7	FALSE	FALSE	FALSE	FALSE	FALSE	22	1966
2006	2006_6_14	52	FALSE	TRUE	(0,30]	other	FALSE	FALSE	FALSE	FALSE	FALSE	36	4190
2006	2006_6_14	5	TRUE	TRUE	(40,50]	3	FALSE	FALSE	TRUE	FALSE	FALSE	36	4190
2006	2006_8_1	6	FALSE	FALSE	(40,50]	4	FALSE	FALSE	FALSE	FALSE	FALSE	36	1083
2006	2006_8_1	4	TRUE	FALSE	(70,100]	other	FALSE	FALSE	TRUE	FALSE	FALSE	36	1083
2006	2006_8_2	7	FALSE	FALSE	(50,60]	other	FALSE	FALSE	FALSE	FALSE	FALSE	29	989
2006	2006_8_2	4	TRUE	TRUE	(40,50]	other	FALSE	FALSE	FALSE	FALSE	FALSE	29	989
2006	2006_8_11	6	FALSE	FALSE	(40,50]	4	FALSE	FALSE	FALSE	FALSE	FALSE	20	821
2006	2006_8_11	1	TRUE	TRUE	(30,40]	3	FALSE	FALSE	FALSE	FALSE	FALSE	20	821
2006	2006_8_13	11	FALSE	TRUE	(30,40]	6	FALSE	FALSE	FALSE	FALSE	FALSE	22	395
2006	2006_8_13	5	TRUE	TRUE	(0,30]	other	FALSE	FALSE	FALSE	FALSE	FALSE	22	395
2006	2006_9_1	1404	FALSE	TRUE	(30,40]	1	FALSE	FALSE	FALSE	FALSE	FALSE	36	317224
2006	2006_9_1	476	TRUE	TRUE	(0,30]	2	FALSE	FALSE	TRUE	FALSE	FALSE	36	317224
2006	2006_9_2	1478	FALSE	FALSE	(40,50]	2	FALSE	FALSE	TRUE	FALSE	FALSE	34	243012
2006	2006_9_2	836	TRUE	FALSE	(40,50]	1	FALSE	FALSE	TRUE	FALSE	FALSE	34	243012
2006	2006_9_3	638	FALSE	FALSE	(40,50]	1	FALSE	FALSE	FALSE	FALSE	FALSE	22	123804
2006	2006_9_3	144	TRUE	TRUE	(40,50]	1	FALSE	FALSE	TRUE	FALSE	FALSE	22	123804
2006	2006_9_6	2137	FALSE	TRUE	(30,40]	1	FALSE	FALSE	TRUE	FALSE	FALSE	26	130365
2006	2006_9_6	477	TRUE	TRUE	(50,60]	2	FALSE	FALSE	TRUE	FALSE	FALSE	26	130365
2006	2006_9_11	585	FALSE	TRUE	(0,30]	other	FALSE	FALSE	FALSE	FALSE	FALSE	34	186779
2006	2006_9_11	522	TRUE	TRUE	(30,40]	2	FALSE	FALSE	FALSE	FALSE	FALSE	34	186779
2006	2006_9_12	314	FALSE	TRUE	(50,60]	3	FALSE	FALSE	TRUE	FALSE	FALSE	23	101151
2006	2006_9_12	133	TRUE	TRUE	(60,70]	3	FALSE	FALSE	FALSE	FALSE	FALSE	23	101151
2006	2006_9_13	1040	FALSE	FALSE	(50,60]	1	FALSE	FALSE	TRUE	FALSE	FALSE	22	101376
2006	2006_9_13	431	TRUE	TRUE	(30,40]	1	FALSE	FALSE	TRUE	FALSE	FALSE	22	101376
2006	2006_9_14	552	FALSE	TRUE	(30,40]	1	FALSE	FALSE	TRUE	FALSE	FALSE	36	171565
2006	2006_9_14	555	TRUE	TRUE	(40,50]	other	FALSE	FALSE	TRUE	FALSE	FALSE	36	171565
2006	2006_10_1	194	FALSE	TRUE	(50,60]	3	FALSE	FALSE	TRUE	FALSE	FALSE	36	152962
2006	2006_10_1	80	TRUE	TRUE	(60,70]	1	FALSE	FALSE	TRUE	TRUE	FALSE	36	152962
2006	2006_10_2	331	FALSE	TRUE	(40,50]	4	FALSE	FALSE	TRUE	FALSE	FALSE	34	190607
2006	2006_10_2	279	TRUE	TRUE	(30,40]	1	FALSE	FALSE	TRUE	FALSE	FALSE	34	190607
2006	2006_10_3	510	FALSE	TRUE	(40,50]	2	FALSE	FALSE	TRUE	FALSE	FALSE	22	102833
2006	2006_10_3	69	TRUE	TRUE	(30,40]	1	FALSE	FALSE	FALSE	FALSE	FALSE	22	102833
2006	2006_10_6	677	FALSE	TRUE	(30,40]	1	FALSE	FALSE	FALSE	FALSE	FALSE	26	132895
2006	2006_10_6	184	TRUE	TRUE	(30,40]	2	FALSE	FALSE	FALSE	FALSE	FALSE	26	132895
2006	2006_10_11	282	FALSE	TRUE	(40,50]	1	FALSE	FALSE	FALSE	FALSE	FALSE	34	200619
2006	2006_10_11	369	TRUE	FALSE	(40,50]	3	FALSE	FALSE	FALSE	FALSE	FALSE	34	200619
2006	2006_10_12	433	FALSE	FALSE	(30,40]	4	FALSE	FALSE	FALSE	FALSE	FALSE	23	118334
2006	2006_10_12	195	TRUE	FALSE	(40,50]	1	FALSE	FALSE	TRUE	FALSE	FALSE	23	118334
2006	2006_10_13	415	FALSE	TRUE	(50,60]	3	FALSE	FALSE	TRUE	FALSE	FALSE	22	106481
2006	2006_10_13	150	TRUE	FALSE	(40,50]	other	FALSE	FALSE	FALSE	FALSE	FALSE	22	106481
2006	2006_10_14	2309	FALSE	TRUE	(50,60]	2	FALSE	FALSE	TRUE	FALSE	FALSE	35	247382
2006	2006_10_14	750	TRUE	FALSE	(40,50]	1	FALSE	FALSE	TRUE	FALSE	FALSE	35	247382
2006	2006_11_1	69	FALSE	TRUE	(0,30]	1	FALSE	FALSE	TRUE	FALSE	FALSE	36	23386
2006	2006_11_1	56	TRUE	FALSE	(30,40]	2	FALSE	FALSE	TRUE	FALSE	FALSE	36	23386
2006	2006_11_2	75	FALSE	FALSE	(40,50]	1	FALSE	FALSE	TRUE	FALSE	FALSE	34	13055
2006	2006_11_2	10	TRUE	TRUE	(50,60]	3	FALSE	FALSE	TRUE	FALSE	FALSE	34	13055
2006	2006_11_3	30	FALSE	TRUE	(30,40]	2	FALSE	FALSE	TRUE	FALSE	FALSE	22	6570
2006	2006_11_3	6	TRUE	FALSE	(50,60]	1	FALSE	FALSE	TRUE	FALSE	FALSE	22	6570
2006	2006_11_6	29	FALSE	TRUE	(50,60]	3	FALSE	FALSE	FALSE	FALSE	FALSE	26	5372
2006	2006_11_6	30	TRUE	TRUE	(40,50]	1	FALSE	FALSE	TRUE	FALSE	FALSE	26	5372
2006	2006_11_11	33	FALSE	TRUE	(30,40]	1	FALSE	FALSE	FALSE	FALSE	FALSE	34	7343
2006	2006_11_11	1	TRUE	FALSE	(60,70]	other	FALSE	FALSE	TRUE	FALSE	FALSE	34	7343
2006	2006_11_12	17	FALSE	TRUE	(0,30]	2	FALSE	FALSE	FALSE	FALSE	FALSE	23	3821
2006	2006_11_12	10	TRUE	FALSE	(30,40]	1	FALSE	FALSE	FALSE	FALSE	FALSE	23	3821
2006	2006_11_13	125	FALSE	FALSE	(50,60]	1	FALSE	FALSE	TRUE	FALSE	FALSE	22	6390
2006	2006_11_13	23	TRUE	TRUE	(40,50]	3	FALSE	FALSE	FALSE	FALSE	FALSE	22	6390
2006	2006_11_14	264	FALSE	TRUE	(50,60]	1	FALSE	FALSE	TRUE	FALSE	FALSE	36	11967
2006	2006_11_14	318	TRUE	TRUE	(40,50]	1	FALSE	FALSE	TRUE	FALSE	FALSE	36	11967
2006	2006_12_1	7	FALSE	TRUE	(0,30]	3	FALSE	FALSE	FALSE	FALSE	FALSE	36	1638
2006	2006_12_1	4	TRUE	TRUE	(40,50]	3	FALSE	FALSE	FALSE	FALSE	FALSE	36	1638
2006	2006_12_2	6	FALSE	TRUE	(50,60]	3	FALSE	FALSE	FALSE	FALSE	FALSE	34	1854
2006	2006_12_2	14	TRUE	TRUE	(0,30]	2	FALSE	FALSE	FALSE	FALSE	FALSE	34	1854
2006	2006_12_3	11	FALSE	TRUE	(50,60]	other	FALSE	FALSE	TRUE	FALSE	FALSE	22	1008
2006	2006_12_3	8	TRUE	TRUE	(50,60]	2	FALSE	FALSE	TRUE	FALSE	FALSE	22	1008
2006	2006_12_6	14	FALSE	TRUE	(30,40]	2	FALSE	FALSE	TRUE	FALSE	FALSE	26	1234
2006	2006_12_6	1	TRUE	FALSE	(40,50]	other	FALSE	FALSE	FALSE	FALSE	FALSE	26	1234
2006	2006_12_11	9	FALSE	TRUE	(40,50]	2	FALSE	FALSE	FALSE	FALSE	FALSE	34	1495
2006	2006_12_11	4	TRUE	TRUE	(50,60]	3	FALSE	FALSE	FALSE	FALSE	FALSE	34	1495
2006	2006_12_12	12	FALSE	TRUE	(0,30]	5	FALSE	FALSE	FALSE	FALSE	FALSE	23	764
2006	2006_12_12	4	TRUE	FALSE	(0,30]	other	FALSE	FALSE	FALSE	FALSE	FALSE	23	764
2006	2006_12_13	10	FALSE	TRUE	(50,60]	3	FALSE	FALSE	FALSE	FALSE	FALSE	22	1089
2006	2006_12_13	3	TRUE	FALSE	(30,40]	other	FALSE	FALSE	FALSE	FALSE	FALSE	22	1089
2006	2006_12_14	12	FALSE	TRUE	(0,30]	4	FALSE	FALSE	FALSE	FALSE	FALSE	36	1626
2006	2006_12_14	15	TRUE	TRUE	(30,40]	3	FALSE	FALSE	FALSE	FALSE	FALSE	36	1626
2006	2006_14_1	4	FALSE	FALSE	(30,40]	4	FALSE	FALSE	FALSE	FALSE	FALSE	33	2052
2006	2006_14_1	7	TRUE	TRUE	(50,60]	3	FALSE	FALSE	FALSE	FALSE	FALSE	33	2052
2006	2006_14_2	12	FALSE	FALSE	(0,30]	7	FALSE	FALSE	FALSE	FALSE	FALSE	32	2420
2006	2006_14_2	11	TRUE	TRUE	(0,30]	7	FALSE	FALSE	FALSE	FALSE	FALSE	32	2420
2006	2006_14_3	5	FALSE	TRUE	(40,50]	7	FALSE	FALSE	FALSE	FALSE	FALSE	18	1393
2006	2006_14_3	1	TRUE	TRUE	(60,70]	other	FALSE	FALSE	FALSE	FALSE	FALSE	18	1393
2006	2006_14_4	6	FALSE	TRUE	(60,70]	other	FALSE	FALSE	FALSE	FALSE	FALSE	17	1339
2006	2006_14_4	0	TRUE	TRUE	(60,70]	3	FALSE	FALSE	FALSE	FALSE	FALSE	17	1339
2006	2006_14_6	19	FALSE	FALSE	(0,30]	4	FALSE	FALSE	FALSE	FALSE	FALSE	22	1367
2006	2006_14_6	1	TRUE	TRUE	(50,60]	2	FALSE	FALSE	FALSE	FALSE	FALSE	22	1367
2006	2006_14_8	4	FALSE	TRUE	(70,100]	other	FALSE	FALSE	FALSE	FALSE	FALSE	19	1712
2006	2006_14_8	0	TRUE	TRUE	(70,100]	6	FALSE	FALSE	FALSE	FALSE	FALSE	19	1712
2006	2006_14_9	2	FALSE	TRUE	(70,100]	other	FALSE	FALSE	FALSE	FALSE	FALSE	19	1104
2006	2006_14_9	0	TRUE	TRUE	(50,60]	6	FALSE	FALSE	FALSE	FALSE	FALSE	19	1104
2006	2006_14_10	11	FALSE	TRUE	(50,60]	8	FALSE	FALSE	FALSE	FALSE	FALSE	19	1110
2006	2006_14_10	2	TRUE	TRUE	(30,40]	other	FALSE	FALSE	FALSE	FALSE	FALSE	19	1110
2006	2006_14_11	11	FALSE	FALSE	(30,40]	7	FALSE	FALSE	FALSE	FALSE	FALSE	32	2426
2006	2006_14_11	3	TRUE	TRUE	(30,40]	8	FALSE	FALSE	FALSE	FALSE	FALSE	32	2426
2006	2006_14_12	0	FALSE	TRUE	(70,100]	other	FALSE	FALSE	FALSE	FALSE	FALSE	23	1094
2006	2006_14_12	1	TRUE	TRUE	(70,100]	other	FALSE	FALSE	FALSE	FALSE	FALSE	23	1094
2006	2006_14_13	3	FALSE	FALSE	(30,40]	other	FALSE	FALSE	FALSE	FALSE	FALSE	18	929
2006	2006_14_13	0	TRUE	TRUE	(40,50]	7	FALSE	FALSE	FALSE	FALSE	FALSE	18	929
2006	2006_14_14	6	FALSE	FALSE	(50,60]	other	FALSE	FALSE	FALSE	FALSE	FALSE	34	1451
2006	2006_14_14	2	TRUE	TRUE	(50,60]	6	FALSE	FALSE	FALSE	FALSE	FALSE	34	1451
2006	2006_16_11	15	FALSE	TRUE	(30,40]	2	FALSE	FALSE	TRUE	FALSE	FALSE	34	835
2006	2006_16_11	0	TRUE	TRUE	(60,70]	7	FALSE	FALSE	FALSE	FALSE	FALSE	34	835
2006	2006_17_3	3	FALSE	TRUE	(40,50]	8	FALSE	FALSE	FALSE	FALSE	FALSE	21	377
2006	2006_17_3	0	TRUE	TRUE	(0,30]	3	FALSE	FALSE	FALSE	FALSE	FALSE	21	377
2006	2006_17_11	8	FALSE	TRUE	(50,60]	3	FALSE	FALSE	FALSE	FALSE	FALSE	34	4677
2006	2006_17_11	5	TRUE	FALSE	(70,100]	other	FALSE	FALSE	TRUE	FALSE	FALSE	34	4677
2006	2006_17_12	18	FALSE	TRUE	(50,60]	7	FALSE	FALSE	FALSE	FALSE	FALSE	23	2650
2006	2006_17_12	13	TRUE	TRUE	(40,50]	7	FALSE	FALSE	FALSE	FALSE	FALSE	23	2650
2006	2006_17_13	11	FALSE	TRUE	(50,60]	3	FALSE	FALSE	FALSE	FALSE	FALSE	22	2289
2006	2006_17_13	2	TRUE	FALSE	(60,70]	8	FALSE	FALSE	FALSE	FALSE	FALSE	22	2289
2006	2006_18_1	235	FALSE	TRUE	(0,30]	other	FALSE	FALSE	FALSE	FALSE	FALSE	36	60384
2006	2006_18_1	112	TRUE	TRUE	(30,40]	3	FALSE	FALSE	TRUE	FALSE	FALSE	36	60384
2006	2006_18_2	372	FALSE	TRUE	(30,40]	2	FALSE	FALSE	TRUE	FALSE	FALSE	34	37219
2006	2006_18_2	67	TRUE	TRUE	(30,40]	1	FALSE	FALSE	TRUE	TRUE	FALSE	34	37219
2006	2006_18_3	68	FALSE	TRUE	(40,50]	3	FALSE	FALSE	TRUE	FALSE	FALSE	22	19924
2006	2006_18_3	26	TRUE	FALSE	(30,40]	2	FALSE	FALSE	TRUE	FALSE	FALSE	22	19924
2006	2006_18_6	50	FALSE	TRUE	(60,70]	3	FALSE	FALSE	TRUE	FALSE	FALSE	26	22616
2006	2006_18_6	183	TRUE	TRUE	(30,40]	2	FALSE	FALSE	TRUE	FALSE	FALSE	26	22616
2006	2006_18_11	304	FALSE	FALSE	(50,60]	other	FALSE	FALSE	TRUE	FALSE	FALSE	34	37771
2006	2006_18_11	248	TRUE	TRUE	(0,30]	8	FALSE	FALSE	TRUE	FALSE	FALSE	34	37771
2006	2006_18_12	227	FALSE	TRUE	(30,40]	2	FALSE	FALSE	TRUE	TRUE	FALSE	23	18398
2006	2006_18_12	27	TRUE	FALSE	(60,70]	2	FALSE	FALSE	TRUE	FALSE	FALSE	23	18398
2006	2006_18_13	110	FALSE	FALSE	(40,50]	2	FALSE	FALSE	FALSE	FALSE	FALSE	22	16224
2006	2006_18_13	47	TRUE	TRUE	(0,30]	other	FALSE	FALSE	FALSE	FALSE	FALSE	22	16224
2006	2006_18_14	83	FALSE	TRUE	(30,40]	3	FALSE	FALSE	TRUE	FALSE	FALSE	36	26528
2006	2006_18_14	73	TRUE	FALSE	(50,60]	2	FALSE	FALSE	TRUE	TRUE	FALSE	36	26528
2006	2006_19_1	4	FALSE	FALSE	(70,100]	3	FALSE	FALSE	FALSE	FALSE	FALSE	36	857
2006	2006_19_1	2	TRUE	FALSE	(0,30]	other	FALSE	FALSE	FALSE	FALSE	FALSE	36	857
2006	2006_20_1	54	FALSE	FALSE	(50,60]	1	FALSE	TRUE	FALSE	FALSE	FALSE	36	51925
2006	2006_20_1	61	TRUE	TRUE	(60,70]	1	FALSE	FALSE	TRUE	TRUE	FALSE	36	51925
2006	2006_20_2	299	FALSE	TRUE	(0,30]	1	FALSE	FALSE	FALSE	FALSE	FALSE	34	79964
2006	2006_20_2	525	TRUE	FALSE	(30,40]	8	FALSE	FALSE	FALSE	FALSE	FALSE	34	79964
2006	2006_20_3	235	FALSE	TRUE	(60,70]	7	FALSE	FALSE	FALSE	FALSE	FALSE	22	45099
2006	2006_20_3	19	TRUE	TRUE	(40,50]	2	FALSE	FALSE	TRUE	FALSE	FALSE	22	45099
2006	2006_20_6	602	FALSE	TRUE	(30,40]	1	FALSE	FALSE	FALSE	FALSE	FALSE	26	60175
2006	2006_20_6	291	TRUE	TRUE	(50,60]	3	FALSE	FALSE	TRUE	FALSE	FALSE	26	60175
2006	2006_20_11	356	FALSE	TRUE	(50,60]	8	FALSE	FALSE	FALSE	FALSE	FALSE	34	83687
2006	2006_20_11	71	TRUE	TRUE	(50,60]	3	FALSE	FALSE	TRUE	FALSE	FALSE	34	83687
2006	2006_20_12	278	FALSE	TRUE	(50,60]	other	FALSE	FALSE	FALSE	FALSE	FALSE	23	49026
2006	2006_20_12	77	TRUE	TRUE	(40,50]	1	FALSE	FALSE	FALSE	FALSE	FALSE	23	49026
2006	2006_20_13	347	FALSE	TRUE	(30,40]	8	FALSE	FALSE	FALSE	FALSE	FALSE	22	35998
2006	2006_20_13	107	TRUE	TRUE	(40,50]	2	FALSE	FALSE	TRUE	FALSE	FALSE	22	35998
2006	2006_20_14	328	FALSE	TRUE	(40,50]	3	FALSE	FALSE	TRUE	FALSE	FALSE	36	85201
2006	2006_20_14	214	TRUE	TRUE	(50,60]	4	FALSE	FALSE	FALSE	FALSE	FALSE	36	85201
2006	2006_21_1	8	FALSE	TRUE	(0,30]	7	FALSE	FALSE	FALSE	FALSE	FALSE	15	554
2006	2006_21_1	6	TRUE	TRUE	(50,60]	3	FALSE	FALSE	FALSE	FALSE	FALSE	15	554
2006	2006_21_2	11	FALSE	TRUE	(30,40]	3	FALSE	FALSE	FALSE	FALSE	FALSE	20	1132
2006	2006_21_2	6	TRUE	FALSE	(50,60]	other	FALSE	FALSE	FALSE	FALSE	FALSE	20	1132
2006	2006_21_4	8	FALSE	TRUE	(50,60]	other	FALSE	FALSE	FALSE	FALSE	FALSE	20	560
2006	2006_21_4	1	TRUE	TRUE	(50,60]	7	FALSE	FALSE	FALSE	FALSE	FALSE	20	560
2006	2006_21_6	11	FALSE	TRUE	(30,40]	2	FALSE	FALSE	TRUE	FALSE	FALSE	26	580
2006	2006_21_6	6	TRUE	FALSE	(30,40]	2	FALSE	FALSE	TRUE	FALSE	FALSE	26	580
2006	2006_21_8	17	FALSE	TRUE	(0,30]	1	FALSE	TRUE	FALSE	FALSE	FALSE	14	603
2006	2006_21_8	1	TRUE	TRUE	(50,60]	3	FALSE	FALSE	FALSE	FALSE	FALSE	14	603
2006	2006_21_9	15	FALSE	TRUE	(30,40]	8	FALSE	FALSE	FALSE	FALSE	FALSE	18	718
2006	2006_21_9	6	TRUE	FALSE	(40,50]	5	FALSE	FALSE	FALSE	FALSE	FALSE	18	718
2006	2006_21_10	7	FALSE	TRUE	(0,30]	2	FALSE	FALSE	FALSE	FALSE	FALSE	17	614
2006	2006_21_10	0	TRUE	TRUE	(70,100]	7	FALSE	FALSE	FALSE	FALSE	FALSE	17	614
2006	2006_21_11	1	FALSE	TRUE	(70,100]	other	FALSE	FALSE	FALSE	FALSE	FALSE	15	522
2006	2006_21_11	4	TRUE	FALSE	(40,50]	3	FALSE	FALSE	FALSE	FALSE	FALSE	15	522
2006	2006_21_12	4	FALSE	FALSE	(50,60]	4	FALSE	FALSE	FALSE	FALSE	FALSE	23	598
2006	2006_21_12	1	TRUE	TRUE	(50,60]	1	FALSE	FALSE	TRUE	FALSE	FALSE	23	598
2006	2006_21_13	13	FALSE	TRUE	(30,40]	5	FALSE	FALSE	FALSE	FALSE	FALSE	12	296
2006	2006_21_13	0	TRUE	TRUE	(70,100]	other	FALSE	FALSE	FALSE	FALSE	FALSE	12	296
2006	2006_21_14	4	FALSE	TRUE	(50,60]	8	FALSE	FALSE	FALSE	FALSE	FALSE	17	809
2006	2006_21_14	16	TRUE	TRUE	(0,30]	8	FALSE	FALSE	FALSE	FALSE	FALSE	17	809
2006	2006_22_1	3	FALSE	FALSE	(40,50]	other	FALSE	FALSE	FALSE	FALSE	FALSE	30	973
2006	2006_22_1	1	TRUE	TRUE	(60,70]	other	FALSE	FALSE	FALSE	FALSE	FALSE	30	973
2006	2006_22_6	6	FALSE	TRUE	(40,50]	3	FALSE	FALSE	FALSE	FALSE	FALSE	26	861
2006	2006_22_6	1	TRUE	FALSE	(50,60]	3	FALSE	FALSE	FALSE	FALSE	FALSE	26	861
2006	2006_22_14	23	FALSE	TRUE	(40,50]	1	FALSE	FALSE	FALSE	FALSE	FALSE	36	1476
2006	2006_22_14	12	TRUE	TRUE	(40,50]	2	FALSE	FALSE	FALSE	FALSE	FALSE	36	1476
2006	2006_23_11	20	FALSE	TRUE	(50,60]	3	FALSE	FALSE	FALSE	FALSE	FALSE	31	574
2006	2006_23_11	0	TRUE	TRUE	(60,70]	other	FALSE	FALSE	TRUE	FALSE	FALSE	31	574
2006	2006_24_1	154	FALSE	FALSE	(0,30]	2	FALSE	FALSE	TRUE	FALSE	FALSE	36	31820
2006	2006_24_1	236	TRUE	TRUE	(0,30]	2	FALSE	FALSE	TRUE	FALSE	FALSE	36	31820
2006	2006_24_2	68	FALSE	TRUE	(60,70]	2	FALSE	FALSE	TRUE	FALSE	FALSE	34	30207
2006	2006_24_2	34	TRUE	TRUE	(60,70]	2	FALSE	FALSE	TRUE	FALSE	FALSE	34	30207
2006	2006_24_3	321	FALSE	TRUE	(50,60]	1	FALSE	FALSE	TRUE	FALSE	FALSE	22	27630
2006	2006_24_3	57	TRUE	TRUE	(50,60]	3	FALSE	FALSE	FALSE	FALSE	FALSE	22	27630
2006	2006_24_6	39	FALSE	TRUE	(70,100]	other	FALSE	FALSE	TRUE	FALSE	FALSE	26	8365
2006	2006_24_6	31	TRUE	TRUE	(30,40]	1	FALSE	FALSE	TRUE	FALSE	FALSE	26	8365
2006	2006_24_11	303	FALSE	FALSE	(40,50]	1	FALSE	FALSE	TRUE	FALSE	FALSE	34	67865
2006	2006_24_11	166	TRUE	TRUE	(50,60]	1	FALSE	FALSE	FALSE	FALSE	FALSE	34	67865
2006	2006_24_12	82	FALSE	TRUE	(0,30]	2	FALSE	FALSE	TRUE	FALSE	FALSE	23	27609
2006	2006_24_12	126	TRUE	TRUE	(40,50]	6	FALSE	FALSE	FALSE	FALSE	FALSE	23	27609
2006	2006_24_13	454	FALSE	TRUE	(50,60]	1	FALSE	FALSE	FALSE	FALSE	FALSE	22	41663
2006	2006_24_13	86	TRUE	TRUE	(0,30]	other	FALSE	TRUE	FALSE	FALSE	FALSE	22	41663
2006	2006_24_14	205	FALSE	TRUE	(40,50]	2	FALSE	FALSE	TRUE	FALSE	FALSE	36	43852
2006	2006_24_14	106	TRUE	TRUE	(0,30]	1	FALSE	FALSE	FALSE	FALSE	FALSE	36	43852
2006	2006_25_1	3	FALSE	TRUE	(40,50]	3	FALSE	FALSE	FALSE	FALSE	FALSE	36	2665
2006	2006_25_1	1	TRUE	TRUE	(30,40]	3	FALSE	FALSE	FALSE	FALSE	FALSE	36	2665
2006	2006_25_2	18	FALSE	FALSE	(40,50]	3	FALSE	FALSE	FALSE	FALSE	FALSE	34	5723
2006	2006_25_2	9	TRUE	TRUE	(0,30]	3	FALSE	FALSE	FALSE	FALSE	FALSE	34	5723
2006	2006_25_3	8	FALSE	TRUE	(30,40]	1	FALSE	FALSE	FALSE	FALSE	FALSE	22	1486
2006	2006_25_3	1	TRUE	TRUE	(30,40]	3	FALSE	FALSE	FALSE	FALSE	FALSE	22	1486
2006	2006_25_6	30	FALSE	TRUE	(50,60]	3	FALSE	FALSE	FALSE	FALSE	FALSE	26	2821
2006	2006_25_6	12	TRUE	TRUE	(30,40]	3	FALSE	FALSE	FALSE	FALSE	FALSE	26	2821
2006	2006_25_10	32	FALSE	TRUE	(30,40]	2	FALSE	FALSE	TRUE	FALSE	FALSE	20	1403
2006	2006_25_10	0	TRUE	FALSE	(50,60]	3	FALSE	FALSE	FALSE	FALSE	FALSE	20	1403
2006	2006_25_11	19	FALSE	TRUE	(60,70]	3	FALSE	FALSE	FALSE	FALSE	FALSE	34	5171
2006	2006_25_11	18	TRUE	TRUE	(40,50]	8	FALSE	FALSE	FALSE	FALSE	FALSE	34	5171
2006	2006_25_12	23	FALSE	TRUE	(50,60]	1	FALSE	FALSE	TRUE	TRUE	FALSE	23	2636
2006	2006_25_12	19	TRUE	FALSE	(0,30]	4	FALSE	FALSE	FALSE	FALSE	FALSE	23	2636
2006	2006_25_13	7	FALSE	FALSE	(40,50]	2	FALSE	FALSE	TRUE	FALSE	FALSE	22	1592
2006	2006_25_13	2	TRUE	TRUE	(50,60]	3	FALSE	FALSE	FALSE	FALSE	FALSE	22	1592
2006	2006_25_14	45	FALSE	TRUE	(50,60]	2	FALSE	FALSE	TRUE	FALSE	FALSE	36	4827
2006	2006_25_14	13	TRUE	FALSE	(40,50]	4	FALSE	FALSE	FALSE	FALSE	FALSE	36	4827
2010	2010_1_1	15	FALSE	FALSE	(40,50]	4	FALSE	FALSE	FALSE	FALSE	FALSE	36	1246
2010	2010_1_1	6	TRUE	TRUE	(60,70]	4	FALSE	FALSE	FALSE	FALSE	FALSE	36	1246
2010	2010_1_2	49	FALSE	FALSE	(30,40]	1	FALSE	FALSE	FALSE	FALSE	FALSE	32	1732
2010	2010_1_2	26	TRUE	TRUE	(0,30]	1	FALSE	FALSE	FALSE	FALSE	FALSE	32	1732
2010	2010_1_11	49	FALSE	TRUE	(0,30]	2	FALSE	FALSE	FALSE	FALSE	FALSE	34	1385
2010	2010_1_11	8	TRUE	TRUE	(0,30]	other	FALSE	TRUE	FALSE	FALSE	FALSE	34	1385
2010	2010_1_14	50	FALSE	FALSE	(40,50]	1	FALSE	FALSE	FALSE	FALSE	FALSE	36	1978
2010	2010_1_14	29	TRUE	TRUE	(40,50]	3	FALSE	FALSE	FALSE	FALSE	FALSE	36	1978
2010	2010_4_1	809	FALSE	TRUE	(50,60]	3	FALSE	FALSE	FALSE	FALSE	FALSE	36	65742
2010	2010_4_1	610	TRUE	TRUE	(30,40]	1	FALSE	FALSE	FALSE	FALSE	FALSE	36	65742
2010	2010_4_2	1149	FALSE	FALSE	(40,50]	2	FALSE	FALSE	FALSE	FALSE	FALSE	34	67601
2010	2010_4_2	317	TRUE	TRUE	(70,100]	other	FALSE	FALSE	TRUE	FALSE	FALSE	34	67601
2010	2010_4_11	1177	FALSE	TRUE	(30,40]	1	FALSE	FALSE	FALSE	FALSE	FALSE	34	58251
2010	2010_4_11	98	TRUE	TRUE	(60,70]	2	FALSE	FALSE	FALSE	FALSE	FALSE	34	58251
2010	2010_4_14	1189	FALSE	TRUE	(0,30]	5	FALSE	FALSE	FALSE	FALSE	FALSE	36	68295
2010	2010_4_14	1022	TRUE	TRUE	(40,50]	3	FALSE	FALSE	FALSE	FALSE	FALSE	36	68295
2010	2010_5_11	20	FALSE	FALSE	(0,30]	4	FALSE	FALSE	TRUE	FALSE	FALSE	28	467
2010	2010_5_11	2	TRUE	TRUE	(60,70]	2	FALSE	FALSE	TRUE	TRUE	FALSE	28	467
2010	2010_5_14	27	FALSE	FALSE	(0,30]	2	TRUE	FALSE	FALSE	FALSE	FALSE	36	1170
2010	2010_5_14	17	TRUE	TRUE	(40,50]	4	FALSE	FALSE	TRUE	FALSE	FALSE	36	1170
2010	2010_6_1	333	FALSE	TRUE	(60,70]	other	FALSE	FALSE	TRUE	FALSE	FALSE	36	41647
2010	2010_6_1	220	TRUE	TRUE	(50,60]	other	FALSE	FALSE	TRUE	FALSE	FALSE	36	41647
2010	2010_6_2	746	FALSE	TRUE	(0,30]	3	FALSE	FALSE	FALSE	FALSE	FALSE	34	69368
2010	2010_6_2	605	TRUE	TRUE	(30,40]	2	FALSE	FALSE	TRUE	TRUE	FALSE	34	69368
2010	2010_6_11	818	FALSE	TRUE	(30,40]	2	FALSE	FALSE	FALSE	FALSE	FALSE	34	69577
2010	2010_6_11	171	TRUE	TRUE	(40,50]	1	FALSE	FALSE	FALSE	FALSE	FALSE	34	69577
2010	2010_6_14	1314	FALSE	FALSE	(0,30]	other	FALSE	FALSE	FALSE	FALSE	FALSE	36	73627
2010	2010_6_14	859	TRUE	TRUE	(60,70]	2	FALSE	FALSE	TRUE	FALSE	FALSE	36	73627
2010	2010_9_1	627	FALSE	TRUE	(50,60]	4	FALSE	FALSE	FALSE	FALSE	FALSE	36	96706
2010	2010_9_1	904	TRUE	TRUE	(30,40]	2	FALSE	FALSE	TRUE	FALSE	FALSE	36	96706
2010	2010_9_2	1940	FALSE	FALSE	(50,60]	3	FALSE	FALSE	FALSE	FALSE	FALSE	34	129368
2010	2010_9_2	1580	TRUE	TRUE	(40,50]	1	FALSE	FALSE	FALSE	FALSE	FALSE	34	129368
2010	2010_9_11	2251	FALSE	TRUE	(50,60]	2	FALSE	FALSE	TRUE	TRUE	FALSE	34	139476
2010	2010_9_11	286	TRUE	TRUE	(50,60]	1	FALSE	TRUE	FALSE	FALSE	FALSE	34	139476
2010	2010_9_14	2544	FALSE	TRUE	(50,60]	other	FALSE	FALSE	TRUE	FALSE	FALSE	36	170081
2010	2010_9_14	2853	TRUE	TRUE	(40,50]	1	FALSE	FALSE	FALSE	FALSE	FALSE	36	170081
2010	2010_11_2	8	FALSE	TRUE	(60,70]	other	FALSE	FALSE	FALSE	FALSE	FALSE	34	1182
2010	2010_11_2	2	TRUE	TRUE	(60,70]	other	FALSE	FALSE	FALSE	FALSE	FALSE	34	1182
2010	2010_12_11	171	FALSE	TRUE	(40,50]	2	FALSE	FALSE	FALSE	FALSE	FALSE	34	4795
2010	2010_12_11	10	TRUE	TRUE	(0,30]	4	FALSE	TRUE	FALSE	FALSE	FALSE	34	4795
2010	2010_13_1	474	FALSE	FALSE	(0,30]	3	FALSE	FALSE	TRUE	FALSE	FALSE	36	19851
2010	2010_13_1	250	TRUE	FALSE	(0,30]	4	FALSE	FALSE	FALSE	FALSE	FALSE	36	19851
2010	2010_13_2	465	FALSE	TRUE	(0,30]	5	FALSE	FALSE	FALSE	FALSE	FALSE	34	23235
2010	2010_13_2	256	TRUE	FALSE	(40,50]	2	FALSE	FALSE	TRUE	FALSE	FALSE	34	23235
2010	2010_13_11	534	FALSE	TRUE	(30,40]	other	FALSE	FALSE	FALSE	FALSE	FALSE	34	25214
2010	2010_13_11	50	TRUE	TRUE	(40,50]	3	FALSE	FALSE	FALSE	FALSE	FALSE	34	25214
2010	2010_13_14	686	FALSE	TRUE	(40,50]	3	FALSE	FALSE	TRUE	FALSE	FALSE	36	26286
2010	2010_13_14	349	TRUE	TRUE	(50,60]	other	FALSE	FALSE	FALSE	FALSE	FALSE	36	26286
2010	2010_15_1	5119	FALSE	TRUE	(30,40]	1	FALSE	TRUE	TRUE	FALSE	TRUE	35	173840
2010	2010_15_1	4392	TRUE	TRUE	(0,30]	other	FALSE	FALSE	FALSE	FALSE	FALSE	35	173840
2010	2010_15_2	3470	FALSE	TRUE	(40,50]	1	FALSE	FALSE	TRUE	FALSE	TRUE	34	110865
2010	2010_15_2	2089	TRUE	TRUE	(40,50]	1	FALSE	FALSE	FALSE	FALSE	FALSE	34	110865
2010	2010_15_11	2817	FALSE	FALSE	(30,40]	2	FALSE	FALSE	TRUE	FALSE	FALSE	34	91433
2010	2010_15_11	267	TRUE	TRUE	(40,50]	1	FALSE	FALSE	FALSE	FALSE	FALSE	34	91433
2010	2010_15_14	1429	FALSE	TRUE	(30,40]	6	FALSE	FALSE	FALSE	FALSE	FALSE	36	58356
2010	2010_15_14	1796	TRUE	FALSE	(50,60]	2	FALSE	FALSE	TRUE	TRUE	FALSE	36	58356
2010	2010_17_1	784	FALSE	TRUE	(30,40]	2	FALSE	FALSE	TRUE	FALSE	FALSE	36	13837
2010	2010_17_1	225	TRUE	TRUE	(30,40]	2	FALSE	FALSE	TRUE	FALSE	FALSE	36	13837
2010	2010_17_2	207	FALSE	FALSE	(50,60]	3	FALSE	FALSE	TRUE	FALSE	FALSE	34	12430
2010	2010_17_2	201	TRUE	TRUE	(50,60]	1	FALSE	FALSE	FALSE	FALSE	FALSE	34	12430
2010	2010_17_11	778	FALSE	FALSE	(30,40]	2	FALSE	FALSE	TRUE	FALSE	FALSE	34	50000
2010	2010_17_11	267	TRUE	TRUE	(30,40]	1	FALSE	FALSE	FALSE	FALSE	FALSE	34	50000
2010	2010_17_14	414	FALSE	TRUE	(30,40]	2	FALSE	FALSE	TRUE	FALSE	FALSE	36	28301
2010	2010_17_14	148	TRUE	TRUE	(50,60]	2	FALSE	FALSE	TRUE	FALSE	FALSE	36	28301
2010	2010_18_1	441	FALSE	TRUE	(50,60]	other	FALSE	FALSE	FALSE	FALSE	FALSE	36	2421
2010	2010_18_1	148	TRUE	TRUE	(50,60]	3	FALSE	FALSE	FALSE	FALSE	FALSE	36	2421
2010	2010_18_2	64	FALSE	FALSE	(40,50]	other	FALSE	FALSE	FALSE	FALSE	FALSE	34	3154
2010	2010_18_2	92	TRUE	TRUE	(30,40]	other	FALSE	FALSE	FALSE	FALSE	FALSE	34	3154
2010	2010_18_3	64	FALSE	TRUE	(50,60]	7	FALSE	FALSE	FALSE	FALSE	FALSE	20	1759
2010	2010_18_3	36	TRUE	TRUE	(60,70]	3	FALSE	FALSE	FALSE	FALSE	FALSE	20	1759
2010	2010_18_4	47	FALSE	TRUE	(30,40]	3	FALSE	FALSE	FALSE	FALSE	FALSE	19	1591
2010	2010_18_4	37	TRUE	TRUE	(50,60]	7	FALSE	FALSE	FALSE	FALSE	FALSE	19	1591
2010	2010_18_5	52	FALSE	TRUE	(50,60]	other	FALSE	FALSE	FALSE	FALSE	FALSE	13	950
2010	2010_18_5	53	TRUE	TRUE	(0,30]	2	FALSE	FALSE	FALSE	FALSE	FALSE	13	950
2010	2010_18_6	106	FALSE	TRUE	(30,40]	3	FALSE	FALSE	TRUE	FALSE	FALSE	25	1980
2010	2010_18_6	68	TRUE	TRUE	(40,50]	other	FALSE	FALSE	FALSE	FALSE	FALSE	25	1980
2010	2010_18_7	87	FALSE	TRUE	(0,30]	2	FALSE	FALSE	FALSE	FALSE	FALSE	16	1446
2010	2010_18_7	16	TRUE	TRUE	(60,70]	other	FALSE	FALSE	FALSE	FALSE	FALSE	16	1446
2010	2010_18_8	41	FALSE	TRUE	(40,50]	3	FALSE	FALSE	FALSE	FALSE	FALSE	19	1790
2010	2010_18_8	61	TRUE	FALSE	(0,30]	2	TRUE	FALSE	FALSE	FALSE	FALSE	19	1790
2010	2010_18_9	41	FALSE	TRUE	(30,40]	3	FALSE	FALSE	FALSE	FALSE	FALSE	17	1451
2010	2010_18_9	29	TRUE	FALSE	(40,50]	1	FALSE	FALSE	FALSE	FALSE	FALSE	17	1451
2010	2010_18_10	36	FALSE	TRUE	(50,60]	7	FALSE	FALSE	FALSE	FALSE	FALSE	19	1414
2010	2010_18_10	49	TRUE	FALSE	(30,40]	other	FALSE	FALSE	FALSE	FALSE	FALSE	19	1414
2010	2010_18_11	54	FALSE	FALSE	(50,60]	2	FALSE	FALSE	FALSE	FALSE	FALSE	32	2175
2010	2010_18_11	28	TRUE	TRUE	(50,60]	other	FALSE	FALSE	FALSE	FALSE	FALSE	32	2175
2010	2010_18_12	37	FALSE	TRUE	(50,60]	4	FALSE	FALSE	FALSE	FALSE	FALSE	17	1371
2010	2010_18_12	73	TRUE	TRUE	(40,50]	2	FALSE	FALSE	TRUE	FALSE	FALSE	17	1371
2010	2010_18_13	61	FALSE	TRUE	(50,60]	7	FALSE	FALSE	FALSE	FALSE	FALSE	14	1101
2010	2010_18_13	42	TRUE	TRUE	(40,50]	other	FALSE	FALSE	FALSE	FALSE	FALSE	14	1101
2010	2010_18_14	123	FALSE	TRUE	(0,30]	2	FALSE	FALSE	TRUE	FALSE	FALSE	31	2147
2010	2010_18_14	44	TRUE	FALSE	(50,60]	2	FALSE	FALSE	FALSE	FALSE	FALSE	31	2147
2010	2010_19_2	13	FALSE	TRUE	(30,40]	7	FALSE	FALSE	FALSE	FALSE	FALSE	34	476
2010	2010_19_2	4	TRUE	TRUE	(30,40]	7	FALSE	FALSE	FALSE	FALSE	FALSE	34	476
2010	2010_19_11	3	FALSE	TRUE	(60,70]	1	FALSE	FALSE	TRUE	FALSE	FALSE	34	442
2010	2010_19_11	1	TRUE	FALSE	(60,70]	3	FALSE	FALSE	FALSE	FALSE	FALSE	34	442
2010	2010_20_1	310	FALSE	TRUE	(40,50]	4	FALSE	FALSE	TRUE	FALSE	FALSE	36	30528
2010	2010_20_1	276	TRUE	FALSE	(50,60]	2	FALSE	FALSE	TRUE	FALSE	FALSE	36	30528
2010	2010_20_2	448	FALSE	TRUE	(0,30]	other	FALSE	FALSE	FALSE	FALSE	FALSE	34	14656
2010	2010_20_2	231	TRUE	TRUE	(40,50]	2	FALSE	FALSE	TRUE	FALSE	FALSE	34	14656
2010	2010_20_6	205	FALSE	TRUE	(60,70]	2	FALSE	FALSE	TRUE	FALSE	FALSE	26	8830
2010	2010_20_6	33	TRUE	FALSE	(0,30]	3	FALSE	TRUE	FALSE	FALSE	FALSE	26	8830
2010	2010_20_11	279	FALSE	TRUE	(30,40]	other	FALSE	FALSE	TRUE	FALSE	FALSE	34	14028
2010	2010_20_11	27	TRUE	TRUE	(30,40]	1	FALSE	FALSE	FALSE	FALSE	FALSE	34	14028
2010	2010_20_14	596	FALSE	TRUE	(0,30]	2	FALSE	TRUE	FALSE	FALSE	FALSE	36	11282
2010	2010_20_14	245	TRUE	FALSE	(50,60]	2	FALSE	FALSE	TRUE	FALSE	FALSE	36	11282
2010	2010_21_1	64	FALSE	TRUE	(40,50]	1	FALSE	FALSE	FALSE	FALSE	FALSE	36	14599
2010	2010_21_1	22	TRUE	TRUE	(40,50]	3	FALSE	FALSE	FALSE	FALSE	FALSE	36	14599
2010	2010_21_2	512	FALSE	FALSE	(40,50]	4	FALSE	FALSE	FALSE	FALSE	FALSE	34	27430
2010	2010_21_2	327	TRUE	TRUE	(0,30]	7	FALSE	FALSE	FALSE	FALSE	FALSE	34	27430
2010	2010_21_11	294	FALSE	FALSE	(40,50]	1	FALSE	FALSE	FALSE	FALSE	FALSE	34	15588
2010	2010_21_11	40	TRUE	TRUE	(50,60]	other	FALSE	FALSE	FALSE	FALSE	FALSE	34	15588
2010	2010_21_14	288	FALSE	TRUE	(0,30]	other	FALSE	FALSE	FALSE	FALSE	FALSE	36	23841
2010	2010_21_14	149	TRUE	FALSE	(30,40]	1	FALSE	FALSE	FALSE	FALSE	FALSE	36	23841
2010	2010_24_1	37	FALSE	TRUE	(40,50]	other	FALSE	FALSE	FALSE	FALSE	FALSE	35	4242
2010	2010_24_1	21	TRUE	TRUE	(30,40]	7	FALSE	FALSE	FALSE	FALSE	FALSE	35	4242
2010	2010_24_2	80	FALSE	TRUE	(40,50]	8	FALSE	FALSE	FALSE	FALSE	FALSE	34	6034
2010	2010_24_2	43	TRUE	TRUE	(0,30]	3	FALSE	FALSE	FALSE	FALSE	FALSE	34	6034
2010	2010_24_11	28	FALSE	TRUE	(70,100]	other	FALSE	FALSE	FALSE	FALSE	FALSE	34	5095
2010	2010_24_11	19	TRUE	TRUE	(0,30]	3	FALSE	FALSE	FALSE	FALSE	FALSE	34	5095
2010	2010_24_12	84	FALSE	TRUE	(40,50]	8	FALSE	FALSE	FALSE	FALSE	FALSE	23	3913
2010	2010_24_12	55	TRUE	TRUE	(30,40]	7	FALSE	FALSE	FALSE	FALSE	FALSE	23	3913
2010	2010_24_14	160	FALSE	TRUE	(30,40]	7	FALSE	FALSE	FALSE	FALSE	FALSE	36	7586
2010	2010_24_14	126	TRUE	TRUE	(0,30]	8	FALSE	FALSE	FALSE	FALSE	FALSE	36	7586
2010	2010_26_1	6353	FALSE	TRUE	(40,50]	1	FALSE	FALSE	TRUE	FALSE	FALSE	36	158014
2010	2010_26_1	5302	TRUE	TRUE	(30,40]	1	FALSE	FALSE	FALSE	FALSE	FALSE	36	158014
2010	2010_26_2	3797	FALSE	TRUE	(40,50]	1	FALSE	FALSE	TRUE	FALSE	FALSE	34	150465
2010	2010_26_2	2398	TRUE	TRUE	(40,50]	1	FALSE	FALSE	TRUE	FALSE	FALSE	34	150465
2010	2010_26_8	1934	FALSE	FALSE	(40,50]	3	FALSE	FALSE	FALSE	FALSE	FALSE	20	58165
2010	2010_26_8	1003	TRUE	TRUE	(30,40]	1	FALSE	TRUE	FALSE	FALSE	FALSE	20	58165
2010	2010_26_11	2508	FALSE	TRUE	(30,40]	3	FALSE	FALSE	FALSE	FALSE	FALSE	34	110321
2010	2010_26_11	566	TRUE	TRUE	(40,50]	1	FALSE	FALSE	TRUE	FALSE	FALSE	34	110321
2010	2010_26_14	3490	FALSE	TRUE	(0,30]	7	FALSE	FALSE	FALSE	FALSE	FALSE	36	102102
2010	2010_26_14	2501	TRUE	TRUE	(60,70]	1	FALSE	FALSE	TRUE	FALSE	FALSE	36	102102
2013	2013_1_1	339	FALSE	FALSE	(60,70]	1	FALSE	FALSE	FALSE	FALSE	FALSE	36	82668
2013	2013_1_1	606	TRUE	FALSE	(50,60]	1	FALSE	FALSE	FALSE	FALSE	FALSE	36	82668
2013	2013_1_2	1050	FALSE	TRUE	(40,50]	4	FALSE	FALSE	FALSE	FALSE	FALSE	34	115756
2013	2013_1_2	499	TRUE	TRUE	(30,40]	3	FALSE	FALSE	FALSE	FALSE	FALSE	34	115756
2013	2013_1_11	2037	FALSE	FALSE	(50,60]	1	FALSE	FALSE	FALSE	FALSE	FALSE	34	131684
2013	2013_1_11	347	TRUE	TRUE	(50,60]	1	FALSE	TRUE	FALSE	FALSE	FALSE	34	131684
2013	2013_1_14	1467	FALSE	TRUE	(30,40]	7	FALSE	FALSE	FALSE	FALSE	FALSE	36	145802
2013	2013_1_14	563	TRUE	TRUE	(60,70]	1	FALSE	FALSE	FALSE	FALSE	FALSE	36	145802
2013	2013_2_1	101	FALSE	TRUE	(0,30]	other	FALSE	TRUE	FALSE	FALSE	FALSE	36	21915
2013	2013_2_1	69	TRUE	FALSE	(0,30]	3	FALSE	FALSE	FALSE	FALSE	FALSE	36	21915
2013	2013_2_2	89	FALSE	TRUE	(0,30]	3	FALSE	FALSE	FALSE	FALSE	FALSE	34	16880
2013	2013_2_2	23	TRUE	TRUE	(0,30]	other	FALSE	FALSE	FALSE	FALSE	FALSE	34	16880
2013	2013_2_11	75	FALSE	TRUE	(0,30]	other	FALSE	TRUE	FALSE	FALSE	FALSE	34	14868
2013	2013_2_11	12	TRUE	TRUE	(30,40]	2	FALSE	FALSE	TRUE	FALSE	FALSE	34	14868
2013	2013_2_12	62	FALSE	FALSE	(30,40]	2	FALSE	FALSE	TRUE	FALSE	FALSE	23	5910
2013	2013_2_12	12	TRUE	TRUE	(40,50]	3	FALSE	FALSE	TRUE	FALSE	FALSE	23	5910
2013	2013_2_14	106	FALSE	TRUE	(50,60]	1	FALSE	FALSE	TRUE	FALSE	FALSE	36	9450
2013	2013_2_14	67	TRUE	TRUE	(30,40]	2	FALSE	FALSE	TRUE	FALSE	FALSE	36	9450
2013	2013_4_1	995	FALSE	TRUE	(40,50]	3	FALSE	FALSE	TRUE	FALSE	FALSE	36	135100
2013	2013_4_1	1139	TRUE	FALSE	(50,60]	2	FALSE	FALSE	TRUE	FALSE	TRUE	36	135100
2013	2013_4_2	769	FALSE	FALSE	(40,50]	1	FALSE	FALSE	FALSE	FALSE	FALSE	34	91926
2013	2013_4_2	632	TRUE	TRUE	(50,60]	1	FALSE	FALSE	TRUE	FALSE	FALSE	34	91926
2013	2013_4_11	446	FALSE	TRUE	(50,60]	1	FALSE	FALSE	TRUE	FALSE	FALSE	34	56224
2013	2013_4_11	220	TRUE	TRUE	(40,50]	1	FALSE	FALSE	FALSE	FALSE	FALSE	34	56224
2013	2013_4_14	241	FALSE	TRUE	(50,60]	3	FALSE	FALSE	TRUE	FALSE	FALSE	36	34058
2013	2013_4_14	411	TRUE	TRUE	(50,60]	1	FALSE	FALSE	TRUE	FALSE	FALSE	36	34058
2013	2013_5_1	35	FALSE	TRUE	(30,40]	8	FALSE	FALSE	FALSE	FALSE	FALSE	36	2591
2013	2013_5_1	72	TRUE	FALSE	(60,70]	2	FALSE	FALSE	TRUE	FALSE	FALSE	36	2591
2013	2013_5_2	40	FALSE	FALSE	(30,40]	3	FALSE	FALSE	FALSE	FALSE	FALSE	34	3691
2013	2013_5_2	9	TRUE	TRUE	(40,50]	5	FALSE	FALSE	FALSE	FALSE	FALSE	34	3691
2013	2013_5_6	32	FALSE	TRUE	(40,50]	1	FALSE	FALSE	FALSE	FALSE	FALSE	26	1906
2013	2013_5_6	12	TRUE	TRUE	(30,40]	1	FALSE	FALSE	FALSE	FALSE	FALSE	26	1906
2013	2013_5_11	15	FALSE	TRUE	(30,40]	8	FALSE	FALSE	FALSE	FALSE	FALSE	34	1371
2013	2013_5_11	6	TRUE	FALSE	(0,30]	other	FALSE	FALSE	FALSE	FALSE	FALSE	34	1371
2013	2013_5_14	33	FALSE	TRUE	(50,60]	3	FALSE	FALSE	FALSE	FALSE	FALSE	36	3096
2013	2013_5_14	15	TRUE	TRUE	(50,60]	2	FALSE	FALSE	TRUE	FALSE	FALSE	36	3096
2013	2013_6_1	520	FALSE	FALSE	(60,70]	2	FALSE	FALSE	TRUE	FALSE	FALSE	36	70378
2013	2013_6_1	1158	TRUE	FALSE	(60,70]	2	FALSE	FALSE	FALSE	FALSE	FALSE	36	70378
2013	2013_6_2	718	FALSE	TRUE	(40,50]	1	FALSE	FALSE	TRUE	FALSE	FALSE	34	55594
2013	2013_6_2	453	TRUE	TRUE	(30,40]	4	FALSE	FALSE	FALSE	FALSE	FALSE	34	55594
2013	2013_6_11	1097	FALSE	TRUE	(60,70]	2	FALSE	FALSE	TRUE	FALSE	FALSE	34	40255
2013	2013_6_11	68	TRUE	TRUE	(40,50]	1	FALSE	FALSE	FALSE	FALSE	FALSE	34	40255
2013	2013_6_14	133	FALSE	TRUE	(40,50]	1	FALSE	FALSE	FALSE	FALSE	FALSE	36	30132
2013	2013_6_14	460	TRUE	TRUE	(50,60]	2	FALSE	FALSE	TRUE	FALSE	FALSE	36	30132
2013	2013_9_1	20	FALSE	TRUE	(50,60]	7	FALSE	FALSE	FALSE	FALSE	FALSE	36	4401
2013	2013_9_1	22	TRUE	TRUE	(30,40]	2	FALSE	FALSE	FALSE	FALSE	FALSE	36	4401
2013	2013_9_2	10	FALSE	FALSE	(40,50]	7	FALSE	FALSE	FALSE	FALSE	FALSE	34	2758
2013	2013_9_2	19	TRUE	FALSE	(40,50]	2	FALSE	FALSE	TRUE	FALSE	FALSE	34	2758
2013	2013_9_6	57	FALSE	FALSE	(40,50]	3	FALSE	FALSE	FALSE	FALSE	FALSE	21	2244
2013	2013_9_6	16	TRUE	TRUE	(30,40]	4	FALSE	FALSE	FALSE	FALSE	FALSE	21	2244
2013	2013_9_7	76	FALSE	FALSE	(40,50]	2	FALSE	FALSE	TRUE	FALSE	FALSE	17	3983
2013	2013_9_7	31	TRUE	TRUE	(40,50]	3	FALSE	FALSE	FALSE	FALSE	FALSE	17	3983
2013	2013_9_8	27	FALSE	FALSE	(30,40]	2	FALSE	FALSE	TRUE	FALSE	FALSE	20	2108
2013	2013_9_8	21	TRUE	TRUE	(50,60]	3	FALSE	TRUE	TRUE	FALSE	FALSE	20	2108
2013	2013_9_14	27	FALSE	TRUE	(30,40]	other	FALSE	FALSE	FALSE	FALSE	FALSE	35	2512
2013	2013_9_14	8	TRUE	TRUE	(0,30]	other	FALSE	FALSE	FALSE	FALSE	FALSE	35	2512
2013	2013_10_1	5	FALSE	FALSE	(50,60]	3	FALSE	FALSE	FALSE	FALSE	FALSE	36	738
2013	2013_10_1	3	TRUE	TRUE	(60,70]	8	FALSE	FALSE	FALSE	FALSE	FALSE	36	738
2013	2013_10_2	57	FALSE	TRUE	(30,40]	1	FALSE	FALSE	FALSE	FALSE	FALSE	34	1995
2013	2013_10_2	6	TRUE	FALSE	(40,50]	5	FALSE	FALSE	FALSE	FALSE	FALSE	34	1995
2013	2013_10_11	23	FALSE	FALSE	(0,30]	3	FALSE	FALSE	FALSE	FALSE	FALSE	34	1186
2013	2013_10_11	6	TRUE	FALSE	(40,50]	3	FALSE	FALSE	FALSE	FALSE	FALSE	34	1186
2013	2013_10_14	10	FALSE	FALSE	(0,30]	3	FALSE	FALSE	FALSE	FALSE	FALSE	36	918
2013	2013_10_14	4	TRUE	FALSE	(50,60]	other	FALSE	FALSE	FALSE	FALSE	FALSE	36	918
2013	2013_11_1	355	FALSE	FALSE	(30,40]	2	FALSE	FALSE	TRUE	FALSE	FALSE	36	32051
2013	2013_11_1	191	TRUE	TRUE	(0,30]	other	FALSE	FALSE	FALSE	FALSE	FALSE	36	32051
2013	2013_11_2	224	FALSE	FALSE	(0,30]	4	FALSE	FALSE	FALSE	FALSE	FALSE	34	25473
2013	2013_11_2	115	TRUE	TRUE	(60,70]	2	FALSE	FALSE	TRUE	FALSE	FALSE	34	25473
2013	2013_11_3	239	FALSE	TRUE	(30,40]	1	FALSE	TRUE	FALSE	FALSE	TRUE	22	20749
2013	2013_11_3	39	TRUE	TRUE	(40,50]	1	FALSE	FALSE	FALSE	FALSE	FALSE	22	20749
2013	2013_11_6	226	FALSE	TRUE	(0,30]	3	FALSE	FALSE	FALSE	FALSE	FALSE	26	7520
2013	2013_11_6	37	TRUE	FALSE	(60,70]	1	FALSE	FALSE	FALSE	FALSE	FALSE	26	7520
2013	2013_11_11	486	FALSE	TRUE	(50,60]	1	FALSE	FALSE	FALSE	FALSE	FALSE	34	58928
2013	2013_11_11	801	TRUE	FALSE	(50,60]	1	FALSE	FALSE	TRUE	FALSE	FALSE	34	58928
2013	2013_11_12	583	FALSE	TRUE	(50,60]	2	FALSE	FALSE	TRUE	FALSE	FALSE	23	24210
2013	2013_11_12	168	TRUE	TRUE	(40,50]	1	FALSE	FALSE	FALSE	FALSE	FALSE	23	24210
2013	2013_11_13	610	FALSE	TRUE	(0,30]	2	FALSE	FALSE	TRUE	FALSE	FALSE	22	39047
2013	2013_11_13	438	TRUE	TRUE	(60,70]	1	FALSE	FALSE	TRUE	FALSE	FALSE	22	39047
2013	2013_11_14	892	FALSE	TRUE	(30,40]	2	FALSE	FALSE	TRUE	FALSE	FALSE	36	40031
2013	2013_11_14	717	TRUE	TRUE	(30,40]	7	FALSE	FALSE	TRUE	FALSE	FALSE	36	40031
2013	2013_12_1	159	FALSE	TRUE	(60,70]	2	FALSE	FALSE	FALSE	FALSE	FALSE	36	1225
2013	2013_12_1	36	TRUE	TRUE	(0,30]	other	FALSE	FALSE	FALSE	FALSE	FALSE	36	1225
2013	2013_13_1	8	FALSE	FALSE	(60,70]	other	FALSE	FALSE	FALSE	FALSE	FALSE	36	798
2013	2013_13_1	5	TRUE	FALSE	(0,30]	1	FALSE	FALSE	FALSE	FALSE	FALSE	36	798
2013	2013_13_2	21	FALSE	TRUE	(40,50]	2	FALSE	FALSE	TRUE	FALSE	FALSE	34	2261
2013	2013_13_2	3	TRUE	FALSE	(60,70]	other	FALSE	FALSE	FALSE	FALSE	FALSE	34	2261
2013	2013_13_11	11	FALSE	FALSE	(30,40]	other	FALSE	FALSE	FALSE	FALSE	FALSE	34	978
2013	2013_13_11	4	TRUE	FALSE	(0,30]	5	FALSE	FALSE	FALSE	FALSE	FALSE	34	978
2013	2013_13_14	14	FALSE	FALSE	(30,40]	5	FALSE	FALSE	FALSE	FALSE	FALSE	36	1115
2013	2013_13_14	6	TRUE	TRUE	(0,30]	8	FALSE	FALSE	FALSE	FALSE	FALSE	36	1115
2013	2013_15_1	21	FALSE	FALSE	(30,40]	3	TRUE	FALSE	FALSE	FALSE	FALSE	36	5427
2013	2013_15_1	28	TRUE	TRUE	(0,30]	other	FALSE	TRUE	FALSE	FALSE	FALSE	36	5427
2013	2013_15_2	55	FALSE	FALSE	(40,50]	other	FALSE	FALSE	FALSE	FALSE	FALSE	34	6881
2013	2013_15_2	44	TRUE	FALSE	(30,40]	2	FALSE	FALSE	FALSE	FALSE	FALSE	34	6881
2013	2013_15_6	102	FALSE	TRUE	(50,60]	1	FALSE	FALSE	TRUE	FALSE	FALSE	26	5136
2013	2013_15_6	12	TRUE	TRUE	(40,50]	2	FALSE	FALSE	TRUE	FALSE	FALSE	26	5136
2013	2013_15_9	96	FALSE	FALSE	(60,70]	1	FALSE	FALSE	FALSE	FALSE	FALSE	19	5321
2013	2013_15_9	40	TRUE	TRUE	(50,60]	1	FALSE	FALSE	TRUE	FALSE	FALSE	19	5321
2013	2013_15_11	326	FALSE	TRUE	(40,50]	1	FALSE	FALSE	TRUE	FALSE	FALSE	34	9714
2013	2013_15_11	53	TRUE	TRUE	(50,60]	3	FALSE	FALSE	TRUE	FALSE	FALSE	34	9714
2013	2013_15_13	285	FALSE	FALSE	(50,60]	1	FALSE	FALSE	FALSE	FALSE	FALSE	22	7815
2013	2013_15_13	132	TRUE	TRUE	(60,70]	2	FALSE	FALSE	TRUE	FALSE	FALSE	22	7815
2013	2013_15_14	119	FALSE	TRUE	(30,40]	2	FALSE	FALSE	FALSE	FALSE	FALSE	36	12117
2013	2013_15_14	51	TRUE	FALSE	(50,60]	2	FALSE	FALSE	FALSE	FALSE	FALSE	36	12117
2013	2013_17_1	132	FALSE	TRUE	(30,40]	2	FALSE	FALSE	FALSE	FALSE	FALSE	36	18758
2013	2013_17_1	143	TRUE	FALSE	(30,40]	3	FALSE	FALSE	FALSE	FALSE	FALSE	36	18758
2013	2013_17_2	183	FALSE	TRUE	(40,50]	1	FALSE	FALSE	FALSE	FALSE	FALSE	34	39714
2013	2013_17_2	73	TRUE	TRUE	(30,40]	3	FALSE	FALSE	FALSE	FALSE	FALSE	34	39714
2013	2013_17_6	423	FALSE	FALSE	(50,60]	1	FALSE	FALSE	TRUE	FALSE	FALSE	26	25845
2013	2013_17_6	37	TRUE	TRUE	(40,50]	1	FALSE	FALSE	FALSE	FALSE	FALSE	26	25845
2013	2013_17_11	366	FALSE	FALSE	(60,70]	2	FALSE	FALSE	TRUE	FALSE	FALSE	34	37258
2013	2013_17_11	33	TRUE	TRUE	(30,40]	1	FALSE	FALSE	FALSE	FALSE	FALSE	34	37258
2013	2013_17_14	712	FALSE	FALSE	(40,50]	5	FALSE	FALSE	FALSE	FALSE	FALSE	36	43017
2013	2013_17_14	220	TRUE	TRUE	(30,40]	7	FALSE	FALSE	FALSE	FALSE	FALSE	36	43017
2013	2013_18_1	34	FALSE	FALSE	(40,50]	9	FALSE	FALSE	FALSE	FALSE	FALSE	36	2473
2013	2013_18_1	12	TRUE	FALSE	(0,30]	other	FALSE	FALSE	FALSE	FALSE	FALSE	36	2473
2013	2013_18_2	28	FALSE	TRUE	(30,40]	9	FALSE	FALSE	FALSE	FALSE	FALSE	34	4760
2013	2013_18_2	8	TRUE	TRUE	(50,60]	3	FALSE	FALSE	FALSE	FALSE	FALSE	34	4760
2013	2013_18_11	33	FALSE	TRUE	(40,50]	8	FALSE	FALSE	FALSE	FALSE	FALSE	34	3390
2013	2013_18_11	2	TRUE	TRUE	(40,50]	3	FALSE	FALSE	FALSE	FALSE	FALSE	34	3390
2013	2013_18_14	42	FALSE	FALSE	(40,50]	other	FALSE	FALSE	FALSE	FALSE	FALSE	36	6009
2013	2013_18_14	28	TRUE	TRUE	(50,60]	3	FALSE	FALSE	FALSE	FALSE	FALSE	36	6009
2013	2013_20_1	197	FALSE	TRUE	(50,60]	3	FALSE	FALSE	TRUE	FALSE	FALSE	36	96564
2013	2013_20_1	369	TRUE	TRUE	(50,60]	2	FALSE	FALSE	TRUE	TRUE	FALSE	36	96564
2013	2013_20_2	462	FALSE	TRUE	(50,60]	other	FALSE	FALSE	FALSE	FALSE	FALSE	33	125984
2013	2013_20_2	166	TRUE	TRUE	(30,40]	2	FALSE	FALSE	FALSE	FALSE	FALSE	33	125984
2013	2013_20_11	598	FALSE	TRUE	(30,40]	2	FALSE	FALSE	TRUE	FALSE	FALSE	34	99509
2013	2013_20_11	130	TRUE	TRUE	(30,40]	3	FALSE	TRUE	FALSE	FALSE	FALSE	34	99509
2013	2013_20_14	970	FALSE	TRUE	(40,50]	2	FALSE	FALSE	TRUE	FALSE	FALSE	36	99911
2013	2013_20_14	447	TRUE	TRUE	(30,40]	3	FALSE	TRUE	FALSE	FALSE	FALSE	36	99911
2013	2013_21_1	432	FALSE	TRUE	(30,40]	2	TRUE	TRUE	FALSE	FALSE	FALSE	36	49975
2013	2013_21_1	517	TRUE	TRUE	(30,40]	2	FALSE	FALSE	TRUE	FALSE	FALSE	36	49975
2013	2013_21_2	654	FALSE	FALSE	(40,50]	1	FALSE	FALSE	FALSE	FALSE	FALSE	34	90478
2013	2013_21_2	361	TRUE	TRUE	(60,70]	1	FALSE	FALSE	TRUE	FALSE	FALSE	34	90478
2013	2013_21_6	961	FALSE	TRUE	(60,70]	3	FALSE	FALSE	FALSE	FALSE	FALSE	26	68758
2013	2013_21_6	255	TRUE	TRUE	(60,70]	5	FALSE	FALSE	FALSE	FALSE	FALSE	26	68758
2013	2013_21_11	669	FALSE	TRUE	(0,30]	4	FALSE	FALSE	FALSE	FALSE	FALSE	34	82414
2013	2013_21_11	553	TRUE	TRUE	(0,30]	8	FALSE	FALSE	FALSE	FALSE	FALSE	34	82414
2013	2013_21_14	1953	FALSE	TRUE	(40,50]	7	FALSE	FALSE	FALSE	FALSE	FALSE	36	96885
2013	2013_21_14	376	TRUE	TRUE	(60,70]	2	FALSE	FALSE	TRUE	FALSE	FALSE	36	96885
2013	2013_22_1	3	FALSE	FALSE	(50,60]	other	FALSE	FALSE	FALSE	FALSE	FALSE	36	376
2013	2013_22_1	1	TRUE	TRUE	(50,60]	other	FALSE	FALSE	FALSE	FALSE	FALSE	36	376
2013	2013_22_2	2	FALSE	TRUE	(30,40]	3	FALSE	FALSE	FALSE	FALSE	FALSE	34	421
2013	2013_22_2	2	TRUE	TRUE	(0,30]	5	FALSE	FALSE	FALSE	FALSE	FALSE	34	421
2013	2013_22_11	4	FALSE	TRUE	(30,40]	5	FALSE	FALSE	FALSE	FALSE	FALSE	34	260
2013	2013_22_11	1	TRUE	TRUE	(0,30]	1	FALSE	FALSE	FALSE	FALSE	FALSE	34	260
2013	2013_22_14	10	FALSE	FALSE	(0,30]	3	FALSE	FALSE	FALSE	FALSE	FALSE	36	425
2013	2013_22_14	5	TRUE	TRUE	(30,40]	other	FALSE	FALSE	FALSE	FALSE	FALSE	36	425
2013	2013_23_1	573	FALSE	FALSE	(30,40]	1	FALSE	FALSE	TRUE	FALSE	FALSE	36	37888
2013	2013_23_1	35	TRUE	TRUE	(30,40]	3	FALSE	FALSE	TRUE	FALSE	FALSE	36	37888
2013	2013_23_2	102	FALSE	TRUE	(30,40]	1	FALSE	FALSE	TRUE	FALSE	FALSE	34	23246
2013	2013_23_2	44	TRUE	TRUE	(40,50]	2	FALSE	FALSE	TRUE	TRUE	FALSE	34	23246
2013	2013_23_6	134	FALSE	FALSE	(60,70]	2	FALSE	FALSE	TRUE	FALSE	FALSE	26	9082
2013	2013_23_6	40	TRUE	TRUE	(50,60]	3	FALSE	FALSE	FALSE	FALSE	FALSE	26	9082
2013	2013_23_8	333	FALSE	TRUE	(30,40]	2	FALSE	FALSE	TRUE	FALSE	FALSE	20	7873
2013	2013_23_8	15	TRUE	FALSE	(0,30]	other	TRUE	TRUE	FALSE	FALSE	FALSE	20	7873
2013	2013_23_11	209	FALSE	FALSE	(0,30]	other	FALSE	FALSE	FALSE	FALSE	FALSE	34	18780
2013	2013_23_11	83	TRUE	TRUE	(60,70]	2	FALSE	FALSE	TRUE	FALSE	FALSE	34	18780
2013	2013_23_14	131	FALSE	FALSE	(40,50]	7	FALSE	FALSE	FALSE	FALSE	FALSE	36	13208
2013	2013_23_14	38	TRUE	TRUE	(50,60]	1	FALSE	FALSE	TRUE	FALSE	FALSE	36	13208
2013	2013_24_1	28	FALSE	TRUE	(60,70]	2	FALSE	FALSE	FALSE	FALSE	FALSE	36	1205
2013	2013_24_1	10	TRUE	TRUE	(30,40]	2	TRUE	FALSE	TRUE	FALSE	FALSE	36	1205
2013	2013_24_11	19	FALSE	TRUE	(50,60]	8	FALSE	FALSE	FALSE	FALSE	FALSE	34	1045
2013	2013_24_11	1	TRUE	TRUE	(60,70]	2	FALSE	FALSE	TRUE	FALSE	FALSE	34	1045
2013	2013_24_14	9	FALSE	TRUE	(70,100]	3	FALSE	FALSE	FALSE	FALSE	FALSE	36	985
2013	2013_24_14	7	TRUE	FALSE	(70,100]	2	FALSE	FALSE	FALSE	FALSE	FALSE	36	985
2017	2017_1_1	1558	FALSE	TRUE	(40,50]	2	FALSE	FALSE	TRUE	FALSE	FALSE	36	99182
2017	2017_1_1	408	TRUE	TRUE	(40,50]	other	FALSE	FALSE	FALSE	FALSE	FALSE	36	99182
2017	2017_1_2	264	FALSE	TRUE	(40,50]	1	FALSE	FALSE	TRUE	FALSE	FALSE	34	85415
2017	2017_1_2	4320	TRUE	TRUE	(40,50]	1	FALSE	FALSE	TRUE	FALSE	FALSE	34	85415
2017	2017_1_6	345	FALSE	TRUE	(40,50]	1	FALSE	FALSE	TRUE	FALSE	FALSE	26	32197
2017	2017_1_6	105	TRUE	FALSE	(40,50]	1	FALSE	FALSE	TRUE	FALSE	FALSE	26	32197
2017	2017_1_11	435	FALSE	TRUE	(40,50]	1	FALSE	FALSE	TRUE	FALSE	FALSE	34	69319
2017	2017_1_11	309	TRUE	TRUE	(40,50]	1	FALSE	FALSE	FALSE	FALSE	FALSE	34	69319
2017	2017_1_12	295	FALSE	FALSE	(50,60]	4	FALSE	FALSE	TRUE	FALSE	FALSE	23	27266
2017	2017_1_12	51	TRUE	FALSE	(40,50]	1	FALSE	FALSE	FALSE	FALSE	FALSE	23	27266
2017	2017_1_14	209	FALSE	TRUE	(50,60]	other	FALSE	FALSE	FALSE	FALSE	FALSE	36	40944
2017	2017_1_14	128	TRUE	TRUE	(50,60]	2	FALSE	FALSE	TRUE	FALSE	FALSE	36	40944
2017	2017_2_1	9	FALSE	FALSE	(50,60]	5	FALSE	FALSE	FALSE	FALSE	FALSE	36	642
2017	2017_2_1	8	TRUE	FALSE	(0,30]	2	FALSE	FALSE	TRUE	FALSE	FALSE	36	642
2017	2017_2_2	2	FALSE	TRUE	(40,50]	3	FALSE	FALSE	FALSE	FALSE	FALSE	34	1353
2017	2017_2_2	8	TRUE	FALSE	(40,50]	3	FALSE	FALSE	FALSE	FALSE	FALSE	34	1353
2017	2017_2_11	11	FALSE	TRUE	(50,60]	other	FALSE	FALSE	FALSE	FALSE	FALSE	34	768
2017	2017_2_11	3	TRUE	TRUE	(30,40]	3	FALSE	FALSE	FALSE	FALSE	FALSE	34	768
2017	2017_2_14	2	FALSE	TRUE	(30,40]	8	FALSE	FALSE	FALSE	FALSE	FALSE	36	598
2017	2017_2_14	3	TRUE	FALSE	(30,40]	other	FALSE	FALSE	FALSE	FALSE	FALSE	36	598
2017	2017_4_1	124	FALSE	FALSE	(50,60]	other	FALSE	FALSE	FALSE	FALSE	FALSE	36	34079
2017	2017_4_1	173	TRUE	FALSE	(30,40]	1	FALSE	FALSE	FALSE	FALSE	FALSE	36	34079
2017	2017_4_2	501	FALSE	TRUE	(0,30]	2	FALSE	FALSE	TRUE	FALSE	FALSE	34	43853
2017	2017_4_2	94	TRUE	FALSE	(60,70]	other	FALSE	FALSE	FALSE	FALSE	FALSE	34	43853
2017	2017_4_6	311	FALSE	FALSE	(30,40]	4	FALSE	TRUE	TRUE	FALSE	TRUE	26	22464
2017	2017_4_6	88	TRUE	FALSE	(0,30]	2	FALSE	FALSE	TRUE	FALSE	FALSE	26	22464
2017	2017_4_11	609	FALSE	FALSE	(30,40]	2	FALSE	FALSE	TRUE	TRUE	FALSE	34	49248
2017	2017_4_11	445	TRUE	FALSE	(40,50]	5	FALSE	FALSE	FALSE	FALSE	FALSE	34	49248
2017	2017_4_14	262	FALSE	FALSE	(30,40]	other	FALSE	FALSE	TRUE	FALSE	FALSE	36	48417
2017	2017_4_14	586	TRUE	TRUE	(50,60]	3	FALSE	FALSE	FALSE	FALSE	FALSE	36	48417
2017	2017_5_1	88	FALSE	TRUE	(60,70]	1	FALSE	FALSE	FALSE	FALSE	FALSE	35	491
2017	2017_5_1	32	TRUE	FALSE	(60,70]	2	FALSE	FALSE	TRUE	TRUE	FALSE	35	491
2017	2017_7_1	313	FALSE	FALSE	(50,60]	1	FALSE	FALSE	TRUE	FALSE	FALSE	36	30920
2017	2017_7_1	300	TRUE	TRUE	(30,40]	1	FALSE	FALSE	TRUE	FALSE	FALSE	36	30920
2017	2017_7_2	599	FALSE	TRUE	(40,50]	1	FALSE	FALSE	TRUE	TRUE	FALSE	33	53368
2017	2017_7_2	216	TRUE	TRUE	(40,50]	other	FALSE	FALSE	FALSE	FALSE	FALSE	33	53368
2017	2017_7_3	233	FALSE	FALSE	(30,40]	3	FALSE	FALSE	TRUE	FALSE	FALSE	22	14435
2017	2017_7_3	20	TRUE	FALSE	(40,50]	1	FALSE	FALSE	FALSE	FALSE	FALSE	22	14435
2017	2017_7_6	177	FALSE	TRUE	(50,60]	1	FALSE	FALSE	FALSE	FALSE	FALSE	23	12299
2017	2017_7_6	207	TRUE	TRUE	(60,70]	1	FALSE	FALSE	FALSE	FALSE	FALSE	23	12299
2017	2017_7_8	292	FALSE	TRUE	(40,50]	1	FALSE	FALSE	FALSE	FALSE	FALSE	20	14184
2017	2017_7_8	48	TRUE	TRUE	(50,60]	1	FALSE	FALSE	TRUE	FALSE	FALSE	20	14184
2017	2017_7_10	151	FALSE	TRUE	(60,70]	1	FALSE	FALSE	FALSE	FALSE	FALSE	20	11251
2017	2017_7_10	53	TRUE	TRUE	(30,40]	1	FALSE	FALSE	TRUE	FALSE	FALSE	20	11251
2017	2017_7_11	470	FALSE	TRUE	(50,60]	1	FALSE	FALSE	TRUE	FALSE	FALSE	34	21222
2017	2017_7_11	321	TRUE	TRUE	(40,50]	1	FALSE	FALSE	TRUE	TRUE	FALSE	34	21222
2017	2017_7_12	201	FALSE	TRUE	(50,60]	2	FALSE	FALSE	TRUE	FALSE	FALSE	23	13580
2017	2017_7_12	163	TRUE	TRUE	(60,70]	1	FALSE	FALSE	TRUE	FALSE	FALSE	23	13580
2017	2017_7_14	200	FALSE	TRUE	(50,60]	1	FALSE	FALSE	TRUE	FALSE	FALSE	36	14462
2017	2017_7_14	84	TRUE	FALSE	(40,50]	1	FALSE	FALSE	FALSE	FALSE	FALSE	36	14462
2017	2017_8_1	131	FALSE	TRUE	(30,40]	2	FALSE	FALSE	FALSE	FALSE	FALSE	36	28158
2017	2017_8_1	51	TRUE	TRUE	(60,70]	3	FALSE	FALSE	TRUE	FALSE	FALSE	36	28158
2017	2017_8_2	238	FALSE	TRUE	(50,60]	1	FALSE	FALSE	TRUE	FALSE	FALSE	34	47695
2017	2017_8_2	156	TRUE	TRUE	(70,100]	3	FALSE	FALSE	TRUE	FALSE	FALSE	34	47695
2017	2017_8_11	540	FALSE	TRUE	(60,70]	2	FALSE	FALSE	TRUE	FALSE	FALSE	34	46966
2017	2017_8_11	206	TRUE	TRUE	(60,70]	2	FALSE	FALSE	TRUE	FALSE	FALSE	34	46966
2017	2017_8_14	777	FALSE	FALSE	(40,50]	1	FALSE	TRUE	FALSE	FALSE	FALSE	36	47651
2017	2017_8_14	381	TRUE	TRUE	(30,40]	6	FALSE	FALSE	FALSE	FALSE	FALSE	36	47651
2017	2017_9_1	145	FALSE	FALSE	(0,30]	other	FALSE	TRUE	FALSE	FALSE	FALSE	36	14686
2017	2017_9_1	84	TRUE	TRUE	(0,30]	other	FALSE	FALSE	FALSE	FALSE	FALSE	36	14686
2017	2017_9_2	195	FALSE	FALSE	(0,30]	other	FALSE	FALSE	FALSE	FALSE	FALSE	34	9415
2017	2017_9_2	9	TRUE	TRUE	(40,50]	1	FALSE	FALSE	FALSE	FALSE	FALSE	34	9415
2017	2017_9_6	44	FALSE	FALSE	(70,100]	2	FALSE	FALSE	TRUE	FALSE	FALSE	26	5013
2017	2017_9_6	30	TRUE	TRUE	(0,30]	4	FALSE	FALSE	FALSE	FALSE	FALSE	26	5013
2017	2017_9_7	84	FALSE	TRUE	(30,40]	2	FALSE	FALSE	TRUE	FALSE	FALSE	17	2907
2017	2017_9_7	18	TRUE	FALSE	(40,50]	1	FALSE	FALSE	TRUE	FALSE	FALSE	17	2907
2017	2017_9_11	58	FALSE	FALSE	(0,30]	2	FALSE	FALSE	TRUE	FALSE	FALSE	34	9147
2017	2017_9_11	39	TRUE	TRUE	(30,40]	2	FALSE	FALSE	TRUE	FALSE	FALSE	34	9147
2017	2017_9_13	98	FALSE	TRUE	(0,30]	2	FALSE	FALSE	TRUE	FALSE	FALSE	22	3685
2017	2017_9_13	12	TRUE	FALSE	(0,30]	5	FALSE	FALSE	TRUE	FALSE	FALSE	22	3685
2017	2017_9_14	113	FALSE	TRUE	(30,40]	2	FALSE	FALSE	TRUE	FALSE	FALSE	36	6583
2017	2017_9_14	84	TRUE	FALSE	(50,60]	4	FALSE	FALSE	TRUE	FALSE	FALSE	36	6583
2017	2017_10_1	16	FALSE	TRUE	(40,50]	3	FALSE	FALSE	FALSE	FALSE	FALSE	36	2600
2017	2017_10_1	3	TRUE	TRUE	(50,60]	5	FALSE	FALSE	TRUE	FALSE	FALSE	36	2600
2017	2017_10_2	9	FALSE	TRUE	(40,50]	4	FALSE	FALSE	FALSE	FALSE	FALSE	34	5081
2017	2017_10_2	13	TRUE	FALSE	(40,50]	5	FALSE	FALSE	FALSE	FALSE	FALSE	34	5081
2017	2017_10_6	64	FALSE	FALSE	(30,40]	1	FALSE	FALSE	FALSE	FALSE	FALSE	26	2920
2017	2017_10_6	7	TRUE	TRUE	(50,60]	other	FALSE	FALSE	FALSE	FALSE	FALSE	26	2920
2017	2017_10_11	33	FALSE	FALSE	(50,60]	1	FALSE	FALSE	FALSE	FALSE	FALSE	34	3781
2017	2017_10_11	13	TRUE	FALSE	(60,70]	3	FALSE	FALSE	FALSE	FALSE	FALSE	34	3781
2017	2017_10_14	18	FALSE	TRUE	(60,70]	other	FALSE	FALSE	FALSE	FALSE	FALSE	36	3790
2017	2017_10_14	13	TRUE	TRUE	(60,70]	other	FALSE	FALSE	FALSE	FALSE	FALSE	36	3790
2017	2017_12_1	79	FALSE	TRUE	(40,50]	3	FALSE	TRUE	TRUE	TRUE	TRUE	36	12857
2017	2017_12_1	33	TRUE	TRUE	(30,40]	4	TRUE	FALSE	TRUE	FALSE	FALSE	36	12857
2017	2017_12_2	37	FALSE	TRUE	(30,40]	1	FALSE	FALSE	TRUE	FALSE	FALSE	34	10679
2017	2017_12_2	31	TRUE	TRUE	(40,50]	3	FALSE	TRUE	FALSE	FALSE	FALSE	34	10679
2017	2017_12_11	100	FALSE	TRUE	(30,40]	2	FALSE	FALSE	TRUE	FALSE	FALSE	33	10421
2017	2017_12_11	32	TRUE	TRUE	(40,50]	other	FALSE	FALSE	FALSE	FALSE	FALSE	33	10421
2017	2017_12_14	84	FALSE	TRUE	(0,30]	other	FALSE	FALSE	TRUE	FALSE	FALSE	36	5892
2017	2017_12_14	41	TRUE	TRUE	(30,40]	3	FALSE	TRUE	FALSE	FALSE	FALSE	36	5892
2017	2017_13_1	1	FALSE	FALSE	(70,100]	other	FALSE	FALSE	FALSE	FALSE	FALSE	36	472
2017	2017_13_1	0	TRUE	TRUE	(60,70]	7	FALSE	FALSE	FALSE	FALSE	FALSE	36	472
2017	2017_13_2	1	FALSE	TRUE	(50,60]	7	FALSE	FALSE	FALSE	FALSE	FALSE	33	682
2017	2017_13_2	0	TRUE	TRUE	(50,60]	3	FALSE	FALSE	FALSE	FALSE	FALSE	33	682
2017	2017_13_14	5	FALSE	FALSE	(0,30]	other	FALSE	FALSE	FALSE	FALSE	FALSE	36	568
2017	2017_13_14	2	TRUE	FALSE	(30,40]	5	FALSE	FALSE	FALSE	FALSE	FALSE	36	568
2017	2017_14_1	8	FALSE	TRUE	(0,30]	1	FALSE	FALSE	FALSE	FALSE	FALSE	36	943
2017	2017_14_1	0	TRUE	TRUE	(70,100]	other	FALSE	FALSE	FALSE	FALSE	FALSE	36	943
2017	2017_14_2	8	FALSE	TRUE	(0,30]	2	FALSE	FALSE	FALSE	FALSE	FALSE	34	861
2017	2017_14_2	1	TRUE	FALSE	(40,50]	other	FALSE	FALSE	FALSE	FALSE	FALSE	34	861
2017	2017_14_6	12	FALSE	TRUE	(50,60]	1	FALSE	FALSE	FALSE	FALSE	FALSE	26	811
2017	2017_14_6	3	TRUE	TRUE	(30,40]	3	FALSE	FALSE	FALSE	FALSE	FALSE	26	811
2017	2017_14_11	8	FALSE	FALSE	(40,50]	2	FALSE	FALSE	TRUE	FALSE	FALSE	34	930
2017	2017_14_11	1	TRUE	FALSE	(40,50]	5	FALSE	FALSE	FALSE	FALSE	FALSE	34	930
2017	2017_14_14	9	FALSE	FALSE	(0,30]	other	FALSE	FALSE	FALSE	FALSE	FALSE	36	654
2017	2017_14_14	3	TRUE	FALSE	(0,30]	other	FALSE	FALSE	FALSE	FALSE	FALSE	36	654
2017	2017_15_1	223	FALSE	TRUE	(60,70]	other	FALSE	FALSE	TRUE	TRUE	FALSE	36	107590
2017	2017_15_1	385	TRUE	TRUE	(30,40]	1	FALSE	FALSE	TRUE	FALSE	FALSE	36	107590
2017	2017_15_2	527	FALSE	TRUE	(40,50]	3	FALSE	TRUE	TRUE	FALSE	TRUE	34	79815
2017	2017_15_2	125	TRUE	TRUE	(0,30]	7	FALSE	FALSE	FALSE	FALSE	FALSE	34	79815
2017	2017_15_6	365	FALSE	TRUE	(0,30]	other	FALSE	FALSE	FALSE	FALSE	FALSE	26	28004
2017	2017_15_6	36	TRUE	TRUE	(0,30]	7	FALSE	FALSE	FALSE	FALSE	FALSE	26	28004
2017	2017_15_11	277	FALSE	TRUE	(0,30]	7	FALSE	FALSE	FALSE	FALSE	FALSE	29	53207
2017	2017_15_11	140	TRUE	TRUE	(30,40]	5	TRUE	FALSE	FALSE	FALSE	FALSE	29	53207
2017	2017_15_12	445	FALSE	TRUE	(0,30]	2	FALSE	FALSE	TRUE	FALSE	FALSE	23	25955
2017	2017_15_12	63	TRUE	TRUE	(30,40]	3	FALSE	FALSE	FALSE	FALSE	FALSE	23	25955
2017	2017_15_13	480	FALSE	TRUE	(0,30]	other	FALSE	FALSE	FALSE	FALSE	FALSE	22	24859
2017	2017_15_13	36	TRUE	TRUE	(0,30]	2	FALSE	FALSE	FALSE	FALSE	FALSE	22	24859
2017	2017_15_14	707	FALSE	TRUE	(60,70]	1	FALSE	FALSE	FALSE	FALSE	FALSE	36	47332
2017	2017_15_14	132	TRUE	FALSE	(50,60]	other	FALSE	FALSE	FALSE	FALSE	FALSE	36	47332
2017	2017_19_1	2	FALSE	FALSE	(60,70]	other	FALSE	FALSE	FALSE	FALSE	FALSE	36	423
2017	2017_19_1	1	TRUE	TRUE	(30,40]	4	FALSE	FALSE	FALSE	FALSE	FALSE	36	423
2017	2017_19_2	3	FALSE	FALSE	(60,70]	3	FALSE	FALSE	FALSE	FALSE	FALSE	34	546
2017	2017_19_2	0	TRUE	TRUE	(50,60]	8	FALSE	FALSE	FALSE	FALSE	FALSE	34	546
2017	2017_19_11	3	FALSE	FALSE	(0,30]	3	FALSE	FALSE	FALSE	FALSE	FALSE	34	532
2017	2017_19_11	5	TRUE	TRUE	(50,60]	2	FALSE	FALSE	FALSE	FALSE	FALSE	34	532
2017	2017_19_14	6	FALSE	TRUE	(30,40]	3	FALSE	FALSE	FALSE	FALSE	FALSE	36	450
2017	2017_19_14	2	TRUE	TRUE	(30,40]	2	FALSE	FALSE	TRUE	FALSE	FALSE	36	450
2017	2017_20_1	331	FALSE	TRUE	(50,60]	1	FALSE	FALSE	TRUE	FALSE	FALSE	36	77325
2017	2017_20_1	171	TRUE	TRUE	(30,40]	2	FALSE	FALSE	TRUE	FALSE	FALSE	36	77325
2017	2017_20_2	848	FALSE	FALSE	(0,30]	2	FALSE	FALSE	TRUE	FALSE	FALSE	34	41843
2017	2017_20_2	182	TRUE	TRUE	(0,30]	5	FALSE	TRUE	FALSE	FALSE	FALSE	34	41843
2017	2017_20_6	46	FALSE	TRUE	(60,70]	other	FALSE	FALSE	FALSE	FALSE	FALSE	26	12336
2017	2017_20_6	42	TRUE	TRUE	(30,40]	2	FALSE	FALSE	TRUE	FALSE	FALSE	26	12336
2017	2017_20_11	196	FALSE	TRUE	(30,40]	2	FALSE	FALSE	TRUE	FALSE	FALSE	34	26356
2017	2017_20_11	84	TRUE	TRUE	(0,30]	3	TRUE	TRUE	FALSE	FALSE	FALSE	34	26356
2017	2017_20_14	74	FALSE	TRUE	(50,60]	1	FALSE	TRUE	TRUE	FALSE	TRUE	36	14142
2017	2017_20_14	28	TRUE	TRUE	(50,60]	3	FALSE	FALSE	FALSE	FALSE	FALSE	36	14142
2017	2017_21_1	551	FALSE	FALSE	(30,40]	1	FALSE	FALSE	TRUE	FALSE	FALSE	36	124445
2017	2017_21_1	405	TRUE	FALSE	(50,60]	1	FALSE	FALSE	TRUE	FALSE	FALSE	36	124445
2017	2017_21_2	450	FALSE	TRUE	(50,60]	1	FALSE	FALSE	FALSE	FALSE	FALSE	34	189371
2017	2017_21_2	359	TRUE	FALSE	(40,50]	3	FALSE	FALSE	FALSE	FALSE	FALSE	34	189371
2017	2017_21_11	1936	FALSE	TRUE	(40,50]	2	FALSE	FALSE	TRUE	TRUE	FALSE	34	159909
2017	2017_21_11	493	TRUE	TRUE	(50,60]	1	FALSE	FALSE	TRUE	FALSE	FALSE	34	159909
2017	2017_21_14	1064	FALSE	TRUE	(40,50]	4	FALSE	TRUE	FALSE	FALSE	FALSE	36	194069
2017	2017_21_14	1353	TRUE	TRUE	(40,50]	2	FALSE	FALSE	TRUE	TRUE	FALSE	36	194069
2017	2017_22_1	1	FALSE	TRUE	(60,70]	other	FALSE	FALSE	FALSE	FALSE	FALSE	36	358
2017	2017_22_1	0	TRUE	FALSE	(60,70]	other	FALSE	FALSE	FALSE	FALSE	FALSE	36	358
2017	2017_22_2	5	FALSE	FALSE	(60,70]	8	FALSE	FALSE	FALSE	FALSE	FALSE	33	365
2017	2017_22_2	0	TRUE	FALSE	(30,40]	3	FALSE	FALSE	FALSE	FALSE	FALSE	33	365
2017	2017_22_11	3	FALSE	TRUE	(60,70]	3	FALSE	FALSE	TRUE	FALSE	FALSE	34	522
2017	2017_22_11	2	TRUE	TRUE	(50,60]	1	FALSE	FALSE	FALSE	FALSE	FALSE	34	522
2017	2017_22_14	0	FALSE	TRUE	(60,70]	2	FALSE	FALSE	TRUE	FALSE	FALSE	36	650
2017	2017_22_14	2	TRUE	FALSE	(30,40]	4	FALSE	FALSE	FALSE	FALSE	FALSE	36	650
2017	2017_24_1	92	FALSE	FALSE	(50,60]	1	FALSE	FALSE	FALSE	FALSE	FALSE	36	29143
2017	2017_24_1	84	TRUE	FALSE	(40,50]	other	FALSE	FALSE	TRUE	FALSE	FALSE	36	29143
2017	2017_24_2	60	FALSE	TRUE	(40,50]	2	FALSE	FALSE	TRUE	FALSE	FALSE	34	19925
2017	2017_24_2	216	TRUE	TRUE	(0,30]	other	FALSE	FALSE	FALSE	FALSE	FALSE	34	19925
2017	2017_24_6	52	FALSE	FALSE	(60,70]	2	FALSE	FALSE	FALSE	FALSE	FALSE	26	6127
2017	2017_24_6	74	TRUE	FALSE	(30,40]	3	FALSE	FALSE	FALSE	FALSE	FALSE	26	6127
2017	2017_24_11	350	FALSE	TRUE	(40,50]	2	FALSE	FALSE	TRUE	FALSE	FALSE	34	52346
2017	2017_24_11	588	TRUE	FALSE	(50,60]	1	FALSE	FALSE	FALSE	FALSE	FALSE	34	52346
2017	2017_24_12	428	FALSE	TRUE	(50,60]	2	FALSE	FALSE	TRUE	TRUE	FALSE	23	25257
2017	2017_24_12	37	TRUE	TRUE	(50,60]	2	FALSE	FALSE	FALSE	FALSE	FALSE	23	25257
2017	2017_24_14	307	FALSE	TRUE	(40,50]	1	FALSE	FALSE	TRUE	FALSE	FALSE	36	35362
2017	2017_24_14	496	TRUE	TRUE	(30,40]	2	FALSE	FALSE	TRUE	FALSE	FALSE	36	35362
2017	2017_26_1	38	FALSE	TRUE	(40,50]	2	FALSE	FALSE	TRUE	FALSE	FALSE	36	5851
2017	2017_26_1	59	TRUE	TRUE	(40,50]	1	FALSE	TRUE	TRUE	FALSE	TRUE	36	5851
2017	2017_26_2	15	FALSE	FALSE	(50,60]	4	FALSE	FALSE	FALSE	FALSE	FALSE	34	4251
2017	2017_26_2	5	TRUE	FALSE	(60,70]	1	FALSE	FALSE	TRUE	FALSE	FALSE	34	4251
2017	2017_26_6	29	FALSE	TRUE	(50,60]	3	FALSE	FALSE	TRUE	FALSE	FALSE	26	2048
2017	2017_26_6	3	TRUE	TRUE	(0,30]	4	FALSE	FALSE	FALSE	FALSE	FALSE	26	2048
2017	2017_26_11	9	FALSE	TRUE	(30,40]	2	FALSE	FALSE	FALSE	FALSE	FALSE	34	3849
2017	2017_26_11	5	TRUE	TRUE	(30,40]	1	FALSE	FALSE	FALSE	FALSE	FALSE	34	3849
2017	2017_26_14	21	FALSE	TRUE	(30,40]	other	FALSE	TRUE	TRUE	FALSE	FALSE	36	3664
2017	2017_26_14	5	TRUE	FALSE	(40,50]	3	FALSE	FALSE	FALSE	FALSE	FALSE	36	3664
2017	2017_27_1	2	FALSE	TRUE	(40,50]	3	FALSE	FALSE	FALSE	FALSE	FALSE	36	1243
2017	2017_27_1	3	TRUE	TRUE	(40,50]	other	FALSE	FALSE	FALSE	FALSE	FALSE	36	1243
2017	2017_27_2	24	FALSE	TRUE	(0,30]	3	FALSE	FALSE	FALSE	FALSE	FALSE	34	1152
2017	2017_27_2	2	TRUE	TRUE	(30,40]	3	FALSE	FALSE	FALSE	FALSE	FALSE	34	1152
2017	2017_27_11	9	FALSE	TRUE	(50,60]	3	FALSE	FALSE	FALSE	FALSE	FALSE	34	1471
2017	2017_27_11	1	TRUE	TRUE	(60,70]	3	FALSE	FALSE	FALSE	FALSE	FALSE	34	1471
2017	2017_27_14	6	FALSE	FALSE	(50,60]	2	FALSE	FALSE	TRUE	FALSE	FALSE	36	1057
2017	2017_27_14	3	TRUE	TRUE	(0,30]	2	FALSE	FALSE	FALSE	FALSE	FALSE	36	1057
2017	2017_28_1	0	FALSE	TRUE	(50,60]	other	FALSE	FALSE	FALSE	FALSE	FALSE	36	565
2017	2017_28_1	2	TRUE	TRUE	(0,30]	4	FALSE	FALSE	FALSE	FALSE	FALSE	36	565
2017	2017_28_2	6	FALSE	TRUE	(60,70]	other	FALSE	FALSE	FALSE	FALSE	FALSE	34	1203
2017	2017_28_2	10	TRUE	FALSE	(0,30]	5	FALSE	FALSE	FALSE	FALSE	FALSE	34	1203
2017	2017_28_11	9	FALSE	TRUE	(30,40]	8	FALSE	FALSE	FALSE	FALSE	FALSE	34	859
2017	2017_28_11	5	TRUE	TRUE	(30,40]	5	FALSE	FALSE	FALSE	FALSE	FALSE	34	859
2017	2017_28_14	6	FALSE	TRUE	(40,50]	other	FALSE	FALSE	FALSE	FALSE	FALSE	36	1083
2017	2017_28_14	5	TRUE	TRUE	(30,40]	2	FALSE	FALSE	TRUE	FALSE	FALSE	36	1083
2017	2017_29_1	140	FALSE	FALSE	(50,60]	4	FALSE	FALSE	FALSE	FALSE	FALSE	36	35547
2017	2017_29_1	128	TRUE	TRUE	(70,100]	7	FALSE	FALSE	FALSE	FALSE	FALSE	36	35547
2017	2017_29_2	212	FALSE	TRUE	(30,40]	4	FALSE	FALSE	FALSE	FALSE	FALSE	34	59497
2017	2017_29_2	422	TRUE	FALSE	(0,30]	2	FALSE	TRUE	FALSE	FALSE	FALSE	34	59497
2017	2017_29_11	936	FALSE	FALSE	(50,60]	2	FALSE	FALSE	TRUE	FALSE	FALSE	34	67973
2017	2017_29_11	119	TRUE	TRUE	(40,50]	3	FALSE	FALSE	FALSE	FALSE	FALSE	34	67973
2017	2017_29_14	782	FALSE	FALSE	(40,50]	3	FALSE	FALSE	FALSE	FALSE	FALSE	36	76027
2017	2017_29_14	244	TRUE	TRUE	(0,30]	7	FALSE	FALSE	FALSE	FALSE	FALSE	36	76027
2017	2017_30_1	3	FALSE	TRUE	(50,60]	1	FALSE	FALSE	FALSE	FALSE	FALSE	36	1873
2017	2017_30_1	5	TRUE	FALSE	(50,60]	other	FALSE	FALSE	FALSE	FALSE	FALSE	36	1873
2017	2017_30_2	15	FALSE	TRUE	(30,40]	2	FALSE	TRUE	FALSE	FALSE	FALSE	34	1615
2017	2017_30_2	6	TRUE	FALSE	(50,60]	other	FALSE	FALSE	FALSE	FALSE	FALSE	34	1615
2017	2017_30_11	15	FALSE	TRUE	(60,70]	3	FALSE	FALSE	TRUE	FALSE	FALSE	34	1613
2017	2017_30_11	8	TRUE	TRUE	(70,100]	2	FALSE	FALSE	TRUE	FALSE	FALSE	34	1613
2017	2017_30_13	47	FALSE	TRUE	(50,60]	2	FALSE	FALSE	FALSE	FALSE	FALSE	22	1969
2017	2017_30_13	9	TRUE	TRUE	(40,50]	2	FALSE	TRUE	FALSE	FALSE	FALSE	22	1969
2017	2017_30_14	21	FALSE	TRUE	(40,50]	other	FALSE	FALSE	FALSE	FALSE	FALSE	36	2222
2017	2017_30_14	27	TRUE	TRUE	(40,50]	2	FALSE	FALSE	FALSE	FALSE	FALSE	36	2222
